source_path,target_path,status_code,target_source_id,match_basis,notes,last_verified_at
/source/club-11-ntnu-harmonica-club/,/source/190-ntnu-harmonica-club/,301,190,sameAs,legacy source page for 師大口琴研究社,2026-07-05
/source/club-11/,/source/190-ntnu-harmonica-club/,301,190,sameAs,legacy source page for 師大口琴研究社,2026-07-05
/source/club-12-hsnu-cozy-harmonica/,/source/191-hsnu-cozy-harmonica/,301,191,sameAs,legacy source page for 師大附中舒馨口琴社,2026-07-05
/source/club-12/,/source/191-hsnu-cozy-harmonica/,301,191,sameAs,legacy source page for 師大附中舒馨口琴社,2026-07-05
/source/club-13-ckhc-64th/,/source/192-ckhc-64th/,301,192,sameAs,legacy source page for 建中口琴社,2026-07-05
/source/club-13/,/source/192-ckhc-64th/,301,192,sameAs,legacy source page for 建中口琴社,2026-07-05
/source/club-14-ncku-harmonica-club/,/source/193-ncku-harmonica-club/,301,193,sameAs,legacy source page for 成大口琴社,2026-07-05
/source/club-14/,/source/193-ncku-harmonica-club/,301,193,sameAs,legacy source page for 成大口琴社,2026-07-05
/source/club-15-npust-hmc/,/source/194-npust-hmc/,301,194,sameAs,legacy source page for 屏科大口琴社,2026-07-05
/source/club-15/,/source/194-npust-hmc/,301,194,sameAs,legacy source page for 屏科大口琴社,2026-07-05
/source/club-16-chgsh-harmonica/,/source/195-chgsh-harmonica/,301,195,sameAs,legacy source page for 彰女微光口琴社,2026-07-05
/source/club-16/,/source/195-chgsh-harmonica/,301,195,sameAs,legacy source page for 彰女微光口琴社,2026-07-05
/source/club-17-ncue-harmonica/,/source/196-ncue-harmonica/,301,196,sameAs,legacy source page for 彰師大白沙口琴社,2026-07-05
/source/club-17/,/source/196-ncue-harmonica/,301,196,sameAs,legacy source page for 彰師大白沙口琴社,2026-07-05
/source/club-18-nthu-harmonica-club/,/source/197-nthu-harmonica-club/,301,197,sameAs,legacy source page for 清華大學口琴社,2026-07-05
/source/club-18/,/source/197-nthu-harmonica-club/,301,197,sameAs,legacy source page for 清華大學口琴社,2026-07-05
/source/club-19-bamboo-melody-harmonica-club/,/source/198-bamboo-melody-harmonica-club/,301,198,sameAs,legacy source page for 陽明交大竹韻口琴社,2026-07-05
/source/club-19/,/source/198-bamboo-melody-harmonica-club/,301,198,sameAs,legacy source page for 陽明交大竹韻口琴社,2026-07-05
/source/club-2%2Bclub-3-mcu-harmonica/,/source/185-mcu-ming-xin-harmonica-club/,301,185,sameAs,legacy source page for 銘傳口琴社,2026-07-05
/source/club-2%2Bclub-3/,/source/185-mcu-ming-xin-harmonica-club/,301,185,sameAs,legacy source page for 銘傳口琴社,2026-07-05
/source/club-21-nkust-harmonica/,/source/199-nkust-harmonica/,301,199,sameAs,legacy source page for 高科大口琴社,2026-07-05
/source/club-21/,/source/199-nkust-harmonica/,301,199,sameAs,legacy source page for 高科大口琴社,2026-07-05
/source/club-22-kshs-harmonica/,/source/200-kshs-harmonica/,301,200,sameAs,legacy source page for 高雄中學口琴社,2026-07-05
/source/club-22/,/source/200-kshs-harmonica/,301,200,sameAs,legacy source page for 高雄中學口琴社,2026-07-05
/source/club-23-tnfsh-harmonica/,/source/201-tnfsh-harmonica/,301,201,sameAs,legacy source page for 臺南一中口琴社,2026-07-05
/source/club-23/,/source/201-tnfsh-harmonica/,301,201,sameAs,legacy source page for 臺南一中口琴社,2026-07-05
/source/club-24-waseda-university-harmonica-society/,/source/202-waseda-university-harmonica-society/,301,202,sameAs,legacy source page for 早稻田大學ハーモニカ・ソサィアティ,2026-07-05
/source/club-24/,/source/202-waseda-university-harmonica-society/,301,202,sameAs,legacy source page for 早稻田大學ハーモニカ・ソサィアティ,2026-07-05
/source/club-25-meiji-university-harmonica-society/,/source/203-meiji-university-harmonica-society/,301,203,sameAs,legacy source page for 明治大學ハーモニカソサエティー,2026-07-05
/source/club-25/,/source/203-meiji-university-harmonica-society/,301,203,sameAs,legacy source page for 明治大學ハーモニカソサエティー,2026-07-05
/source/club-26-chuo-university-harmonica-society/,/source/204-chuo-university-harmonica-society/,301,204,sameAs,legacy source page for 中央大學リード合奏部ハーモニカ・ソサィエティー,2026-07-05
/source/club-26/,/source/204-chuo-university-harmonica-society/,301,204,sameAs,legacy source page for 中央大學リード合奏部ハーモニカ・ソサィエティー,2026-07-05
/source/club-27-rikkyo-university-harmonica-society/,/source/205-rikkyo-university-harmonica-society/,301,205,sameAs,legacy source page for 立教大學ハーモニカ・ソサイアティー,2026-07-05
/source/club-27/,/source/205-rikkyo-university-harmonica-society/,301,205,sameAs,legacy source page for 立教大學ハーモニカ・ソサイアティー,2026-07-05
/source/club-28-kwansei-gakuin-university-harmonica-society/,/source/206-kwansei-gakuin-university-harmonica-society/,301,206,sameAs,legacy source page for 關西學院大學ハーモニカソサイアティ,2026-07-05
/source/club-28/,/source/206-kwansei-gakuin-university-harmonica-society/,301,206,sameAs,legacy source page for 關西學院大學ハーモニカソサイアティ,2026-07-05
/source/club-29-kagoshima-university-harmonica-band-capital-harmony/,/source/207-kagoshima-university-harmonica-band-capital-harmony/,301,207,sameAs,legacy source page for 鹿兒島大學ハーモニカバンド,2026-07-05
/source/club-29/,/source/207-kagoshima-university-harmonica-band-capital-harmony/,301,207,sameAs,legacy source page for 鹿兒島大學ハーモニカバンド,2026-07-05
/source/club-30-yamagata-city-commercial-high-school-harmonica-band/,/source/208-yamagata-city-commercial-high-school-harmonica-band/,301,208,sameAs,legacy source page for 山形市立商業高等學校ハーモニカバンド部,2026-07-05
/source/club-30/,/source/208-yamagata-city-commercial-high-school-harmonica-band/,301,208,sameAs,legacy source page for 山形市立商業高等學校ハーモニカバンド部,2026-07-05
/source/club-31-kcobaps-harmonica-band/,/source/209-kcobaps-harmonica-band/,301,209,sameAs,legacy source page for 英皇書院同學會小學口琴隊,2026-07-05
/source/club-31/,/source/209-kcobaps-harmonica-band/,301,209,sameAs,legacy source page for 英皇書院同學會小學口琴隊,2026-07-05
/source/club-32-spcc-harmonica-orchestra/,/source/210-spcc-harmonica-orchestra/,301,210,sameAs,legacy source page for 聖保羅男女中學口琴隊,2026-07-05
/source/club-32/,/source/210-spcc-harmonica-orchestra/,301,210,sameAs,legacy source page for 聖保羅男女中學口琴隊,2026-07-05
/source/club-33-nus-harmonica/,/source/211-nus-harmonica/,301,211,sameAs,legacy source page for 新加坡國立大學口琴社,2026-07-05
/source/club-33/,/source/211-nus-harmonica/,301,211,sameAs,legacy source page for 新加坡國立大學口琴社,2026-07-05
/source/club-34-ntu-cac-harmonica-band/,/source/212-ntu-cac-harmonica-band/,301,212,sameAs,legacy source page for 南洋理工大學口琴社,2026-07-05
/source/club-34/,/source/212-ntu-cac-harmonica-band/,301,212,sameAs,legacy source page for 南洋理工大學口琴社,2026-07-05
/source/club-35-yuhua-secondary-school-harmonica-band/,/source/213-yuhua-secondary-school-harmonica-band/,301,213,sameAs,legacy source page for 裕華中學口琴樂團,2026-07-05
/source/club-35/,/source/213-yuhua-secondary-school-harmonica-band/,301,213,sameAs,legacy source page for 裕華中學口琴樂團,2026-07-05
/source/club-36-pcghs-harmonica-band/,/source/214-pcghs-harmonica-band/,301,214,sameAs,legacy source page for 檳華女中口琴隊,2026-07-05
/source/club-36/,/source/214-pcghs-harmonica-band/,301,214,sameAs,legacy source page for 檳華女中口琴隊,2026-07-05
/source/club-37-clhs-harmonica-band/,/source/215-clhs-harmonica-band/,301,215,sameAs,legacy source page for 鍾靈中學口琴隊,2026-07-05
/source/club-37/,/source/215-clhs-harmonica-band/,301,215,sameAs,legacy source page for 鍾靈中學口琴隊,2026-07-05
/source/club-38-wuhan-university-of-technology-xingyi-harmonica-association/,/source/216-wuhan-university-of-technology-xingyi-harmonica-association/,301,216,sameAs,legacy source page for 武漢理工大學學生星一口琴協會,2026-07-05
/source/club-38/,/source/216-wuhan-university-of-technology-xingyi-harmonica-association/,301,216,sameAs,legacy source page for 武漢理工大學學生星一口琴協會,2026-07-05
/source/club-39-ccnu-student-zhiyin-harmonica-club/,/source/217-ccnu-student-zhiyin-harmonica-club/,301,217,sameAs,legacy source page for 華中師範大學學生知音口琴社,2026-07-05
/source/club-39/,/source/217-ccnu-student-zhiyin-harmonica-club/,301,217,sameAs,legacy source page for 華中師範大學學生知音口琴社,2026-07-05
/source/club-5-tcfsh-harmonica/,/source/186-tcfsh-harmonica/,301,186,sameAs,legacy source page for 中一中口琴社,2026-07-05
/source/club-5/,/source/186-tcfsh-harmonica/,301,186,sameAs,legacy source page for 中一中口琴社,2026-07-05
/source/club-6-csmu-blue-melody/,/source/187-csmu-blue-melody/,301,187,sameAs,legacy source page for 中山醫藍韻口琴社,2026-07-05
/source/club-6/,/source/187-csmu-blue-melody/,301,187,sameAs,legacy source page for 中山醫藍韻口琴社,2026-07-05
/source/club-7-nutc-harmonica/,/source/188-nutc-harmonica/,301,188,sameAs,legacy source page for 臺中科大口琴社,2026-07-05
/source/club-7/,/source/188-nutc-harmonica/,301,188,sameAs,legacy source page for 臺中科大口琴社,2026-07-05
/source/club-8-fcu-harmonica/,/source/189-fcu-harmonica/,301,189,sameAs,legacy source page for 逢甲口琴社,2026-07-05
/source/club-8/,/source/189-fcu-harmonica/,301,189,sameAs,legacy source page for 逢甲口琴社,2026-07-05
/source/watchlist-10-rolabo-lin/,/source/10-rolabo-lin/,301,10,sameAs,legacy source page for 林家靖 Rolabo Lin,2026-07-05
/source/watchlist-10/,/source/10-rolabo-lin/,301,10,sameAs,legacy source page for 林家靖 Rolabo Lin,2026-07-05
/source/watchlist-100/,/source/97/,301,97,sameAs,legacy source page for 進擊的口琴樂團,2026-07-05
/source/watchlist-102/,/source/99/,301,99,sameAs,legacy source page for 范曉怡,2026-07-05
/source/watchlist-103-otis-tsao/,/source/100-otis-tsao/,301,100,sameAs,legacy source page for 曹小歐,2026-07-05
/source/watchlist-103/,/source/100-otis-tsao/,301,100,sameAs,legacy source page for 曹小歐,2026-07-05
/source/watchlist-104-ho-kah-kean-harmonikahkean/,/source/101-ho-kah-kean-harmonikahkean/,301,101,sameAs,legacy source page for 何家健 HarmoniKahkean,2026-07-05
/source/watchlist-104/,/source/101-ho-kah-kean-harmonikahkean/,301,101,sameAs,legacy source page for 何家健 HarmoniKahkean,2026-07-05
/source/watchlist-105-pocket-harmonic/,/source/102-pocket-harmonic/,301,102,sameAs,legacy source page for 口袋琴房 Pocket Harmonic,2026-07-05
/source/watchlist-105/,/source/102-pocket-harmonic/,301,102,sameAs,legacy source page for 口袋琴房 Pocket Harmonic,2026-07-05
/source/watchlist-106-yora-chen/,/source/103-yora-chen/,301,103,sameAs,legacy source page for 陳瑤容 Yora Chen,2026-07-05
/source/watchlist-106/,/source/103-yora-chen/,301,103,sameAs,legacy source page for 陳瑤容 Yora Chen,2026-07-05
/source/watchlist-107-timothy-yip/,/source/104-timothy-yip/,301,104,sameAs,legacy source page for Timothy Yip 葉進禧,2026-07-05
/source/watchlist-107/,/source/104-timothy-yip/,301,104,sameAs,legacy source page for Timothy Yip 葉進禧,2026-07-05
/source/watchlist-108-stay-drunk-harmonica-ensemble/,/source/105-stay-drunk-harmonica-ensemble/,301,105,sameAs,legacy source page for Stay Drunk 口琴樂團,2026-07-05
/source/watchlist-108/,/source/105-stay-drunk-harmonica-ensemble/,301,105,sameAs,legacy source page for Stay Drunk 口琴樂團,2026-07-05
/source/watchlist-109-seoul-international-harmonica-festival/,/source/106-seoul-international-harmonica-festival/,301,106,sameAs,legacy source page for Seoul International Harmonica Festival,2026-07-05
/source/watchlist-109/,/source/106-seoul-international-harmonica-festival/,301,106,sameAs,legacy source page for Seoul International Harmonica Festival,2026-07-05
/source/watchlist-11/,/source/11/,301,11,sameAs,legacy source page for 張筑婷,2026-07-05
/source/watchlist-110-konstantin-reinfeld/,/source/107-konstantin-reinfeld/,301,107,sameAs,legacy source page for Konstantin Reinfeld,2026-07-05
/source/watchlist-110/,/source/107-konstantin-reinfeld/,301,107,sameAs,legacy source page for Konstantin Reinfeld,2026-07-05
/source/watchlist-111-rodrigo-eberienos/,/source/108-rodrigo-eberienos/,301,108,sameAs,legacy source page for Rodrigo Eberienos,2026-07-05
/source/watchlist-111/,/source/108-rodrigo-eberienos/,301,108,sameAs,legacy source page for Rodrigo Eberienos,2026-07-05
/source/watchlist-112-boris-plotnikov/,/source/109-boris-plotnikov/,301,109,sameAs,legacy source page for Boris Plotnikov,2026-07-05
/source/watchlist-112/,/source/109-boris-plotnikov/,301,109,sameAs,legacy source page for Boris Plotnikov,2026-07-05
/source/watchlist-113-takamoto-mizuno/,/source/110-takamoto-mizuno/,301,110,sameAs,legacy source page for Takamoto Mizuno,2026-07-05
/source/watchlist-113/,/source/110-takamoto-mizuno/,301,110,sameAs,legacy source page for Takamoto Mizuno,2026-07-05
/source/watchlist-114-lee-hangyeol/,/source/111-lee-hangyeol/,301,111,sameAs,legacy source page for Lee Hangyeol 이한결,2026-07-05
/source/watchlist-114/,/source/111-lee-hangyeol/,301,111,sameAs,legacy source page for Lee Hangyeol 이한결,2026-07-05
/source/watchlist-115-kim-changsik/,/source/112-kim-changsik/,301,112,sameAs,legacy source page for Kim Changsik 김창식,2026-07-05
/source/watchlist-115/,/source/112-kim-changsik/,301,112,sameAs,legacy source page for Kim Changsik 김창식,2026-07-05
/source/watchlist-116-kim-kyunghee/,/source/112-kim-changsik/,301,112,sameAs,legacy source page for Kim Kyunghee 김경희,2026-07-05
/source/watchlist-116/,/source/112-kim-changsik/,301,112,sameAs,legacy source page for Kim Kyunghee 김경희,2026-07-05
/source/watchlist-118-filip-jers/,/source/115-filip-jers/,301,115,sameAs,legacy source page for Filip Jers,2026-07-05
/source/watchlist-118/,/source/115-filip-jers/,301,115,sameAs,legacy source page for Filip Jers,2026-07-05
/source/watchlist-120-yasuo-watani/,/source/117-yasuo-watani/,301,117,sameAs,legacy source page for 和谷泰扶 Yasuo Watani,2026-07-05
/source/watchlist-120/,/source/117-yasuo-watani/,301,117,sameAs,legacy source page for 和谷泰扶 Yasuo Watani,2026-07-05
/source/watchlist-121-federico-linari/,/source/118-federico-linari/,301,118,sameAs,legacy source page for Federico Linari,2026-07-05
/source/watchlist-121/,/source/118-federico-linari/,301,118,sameAs,legacy source page for Federico Linari,2026-07-05
/source/watchlist-122-koei-tanaka/,/source/119-koei-tanaka/,301,119,sameAs,legacy source page for 田中光栄 Koei Tanaka,2026-07-05
/source/watchlist-122/,/source/119-koei-tanaka/,301,119,sameAs,legacy source page for 田中光栄 Koei Tanaka,2026-07-05
/source/watchlist-123-the-magic-harmonica-ensemble/,/source/120-the-magic-harmonica-ensemble/,301,120,sameAs,legacy source page for The Magic Harmonica Ensemble,2026-07-05
/source/watchlist-123/,/source/120-the-magic-harmonica-ensemble/,301,120,sameAs,legacy source page for The Magic Harmonica Ensemble,2026-07-05
/source/watchlist-124-fresco-harmonica-ensemble/,/source/121-fresco-harmonica-ensemble/,301,121,sameAs,legacy source page for Fresco Harmonica Ensemble,2026-07-05
/source/watchlist-124/,/source/121-fresco-harmonica-ensemble/,301,121,sameAs,legacy source page for Fresco Harmonica Ensemble,2026-07-05
/source/watchlist-125-perfect-fourth/,/source/122-perfect-fourth/,301,122,sameAs,legacy source page for Perfect Fourth,2026-07-05
/source/watchlist-125/,/source/122-perfect-fourth/,301,122,sameAs,legacy source page for Perfect Fourth,2026-07-05
/source/watchlist-126-yuanmao-wang/,/source/123-yuanmao-wang/,301,123,sameAs,legacy source page for Yuanmao Wang,2026-07-05
/source/watchlist-126/,/source/123-yuanmao-wang/,301,123,sameAs,legacy source page for Yuanmao Wang,2026-07-05
/source/watchlist-127-ausgelassen-x-wesley-wong/,/source/124-ausgelassen-x-wesley-wong/,301,124,sameAs,legacy source page for Ausgelassen x Wesley Wong,2026-07-05
/source/watchlist-127/,/source/124-ausgelassen-x-wesley-wong/,301,124,sameAs,legacy source page for Ausgelassen x Wesley Wong,2026-07-05
/source/watchlist-128-jens-bunge/,/source/125-jens-bunge/,301,125,sameAs,legacy source page for Jens Bunge,2026-07-05
/source/watchlist-128/,/source/125-jens-bunge/,301,125,sameAs,legacy source page for Jens Bunge,2026-07-05
/source/watchlist-129-korea-harmonica-orchestra/,/source/126-korea-harmonica-orchestra/,301,126,sameAs,legacy source page for Korea Harmonica Orchestra,2026-07-05
/source/watchlist-129/,/source/126-korea-harmonica-orchestra/,301,126,sameAs,legacy source page for Korea Harmonica Orchestra,2026-07-05
/source/watchlist-13-donuts/,/source/13-donuts/,301,13,sameAs,legacy source page for DoNuts 口琴樂團,2026-07-05
/source/watchlist-13/,/source/13-donuts/,301,13,sameAs,legacy source page for DoNuts 口琴樂團,2026-07-05
/source/watchlist-130-reyharp-and-balawan-project/,/source/127-reyharp-and-balawan-project/,301,127,sameAs,legacy source page for Reyharp and Balawan Project,2026-07-05
/source/watchlist-130/,/source/127-reyharp-and-balawan-project/,301,127,sameAs,legacy source page for Reyharp and Balawan Project,2026-07-05
/source/watchlist-131-long-deng-jie/,/source/128-long-deng-jie/,301,128,sameAs,legacy source page for Long Deng Jie 龍登杰,2026-07-05
/source/watchlist-131/,/source/128-long-deng-jie/,301,128,sameAs,legacy source page for Long Deng Jie 龍登杰,2026-07-05
/source/watchlist-133-hong-kong-harmonica-association/,/source/130-hong-kong-harmonica-association/,301,130,sameAs,legacy source page for 香港口琴協會 Hong Kong Harmonica Association,2026-07-05
/source/watchlist-133/,/source/130-hong-kong-harmonica-association/,301,130,sameAs,legacy source page for 香港口琴協會 Hong Kong Harmonica Association,2026-07-05
/source/watchlist-135-antonio-serrano/,/source/132-antonio-serrano/,301,132,sameAs,legacy source page for Antonio Serrano,2026-07-05
/source/watchlist-135/,/source/132-antonio-serrano/,301,132,sameAs,legacy source page for Antonio Serrano,2026-07-05
/source/watchlist-136-indiara-sfair/,/source/133-indiara-sfair/,301,133,sameAs,legacy source page for Indiara Sfair,2026-07-05
/source/watchlist-136/,/source/133-indiara-sfair/,301,133,sameAs,legacy source page for Indiara Sfair,2026-07-05
/source/watchlist-14-mr-why/,/source/14-mr-why/,301,14,sameAs,legacy source page for mr.Why 花影樂團,2026-07-05
/source/watchlist-14/,/source/14-mr-why/,301,14,sameAs,legacy source page for mr.Why 花影樂團,2026-07-05
/source/watchlist-140-veloz-harmonica-quartet/,/source/137-veloz-harmonica-quartet/,301,137,sameAs,legacy source page for Veloz Harmonica Quartet,2026-07-05
/source/watchlist-140/,/source/137-veloz-harmonica-quartet/,301,137,sameAs,legacy source page for Veloz Harmonica Quartet,2026-07-05
/source/watchlist-141-keith-dunn/,/source/138-keith-dunn/,301,138,sameAs,legacy source page for Keith Dunn,2026-07-05
/source/watchlist-141/,/source/138-keith-dunn/,301,138,sameAs,legacy source page for Keith Dunn,2026-07-05
/source/watchlist-142-lee-oskar/,/source/139-lee-oskar/,301,139,sameAs,legacy source page for Lee Oskar,2026-07-05
/source/watchlist-142/,/source/139-lee-oskar/,301,139,sameAs,legacy source page for Lee Oskar,2026-07-05
/source/watchlist-143-gregoire-maret/,/source/140-gregoire-maret/,301,140,sameAs,legacy source page for Gregoire Maret,2026-07-05
/source/watchlist-143/,/source/140-gregoire-maret/,301,140,sameAs,legacy source page for Gregoire Maret,2026-07-05
/source/watchlist-144-kif-valentine/,/source/141-kif-valentine/,301,141,sameAs,legacy source page for Kif Valentine,2026-07-05
/source/watchlist-144/,/source/141-kif-valentine/,301,141,sameAs,legacy source page for Kif Valentine,2026-07-05
/source/watchlist-145-howard-levy/,/source/142-howard-levy/,301,142,sameAs,legacy source page for Howard Levy,2026-07-05
/source/watchlist-145/,/source/142-howard-levy/,301,142,sameAs,legacy source page for Howard Levy,2026-07-05
/source/watchlist-146-brendan-power/,/source/143-brendan-power/,301,143,sameAs,legacy source page for Brendan Power,2026-07-05
/source/watchlist-146/,/source/143-brendan-power/,301,143,sameAs,legacy source page for Brendan Power,2026-07-05
/source/watchlist-149-world-harmonica-festival/,/source/146-world-harmonica-festival/,301,146,sameAs,legacy source page for World Harmonica Festival,2026-07-05
/source/watchlist-149/,/source/146-world-harmonica-festival/,301,146,sameAs,legacy source page for World Harmonica Festival,2026-07-05
/source/watchlist-15/,/source/15/,301,15,sameAs,legacy source page for 口琴好南合奏樂團,2026-07-05
/source/watchlist-150-yoonseok-lee/,/source/147-yoonseok-lee/,301,147,sameAs,legacy source page for Yoonseok Lee,2026-07-05
/source/watchlist-150/,/source/147-yoonseok-lee/,301,147,sameAs,legacy source page for Yoonseok Lee,2026-07-05
/source/watchlist-151-hank-shreve/,/source/148-hank-shreve/,301,148,sameAs,legacy source page for Hank Shreve,2026-07-05
/source/watchlist-151/,/source/148-hank-shreve/,301,148,sameAs,legacy source page for Hank Shreve,2026-07-05
/source/watchlist-152-liam-ward-malcolm-thorne/,/source/149-liam-ward-malcolm-thorne/,301,149,sameAs,legacy source page for Liam Ward & Malcolm Thorne,2026-07-05
/source/watchlist-152/,/source/149-liam-ward-malcolm-thorne/,301,149,sameAs,legacy source page for Liam Ward & Malcolm Thorne,2026-07-05
/source/watchlist-153-tian-long-li/,/source/150-tian-long-li/,301,150,sameAs,legacy source page for Tian Long Li,2026-07-05
/source/watchlist-153/,/source/150-tian-long-li/,301,150,sameAs,legacy source page for Tian Long Li,2026-07-05
/source/watchlist-154-rachelle-plas-philippe-hervouet/,/source/151-rachelle-plas-philippe-hervouet/,301,151,sameAs,legacy source page for Rachelle Plas & Philippe Hervouet,2026-07-05
/source/watchlist-154/,/source/151-rachelle-plas-philippe-hervouet/,301,151,sameAs,legacy source page for Rachelle Plas & Philippe Hervouet,2026-07-05
/source/watchlist-155-the-livewires/,/source/152-the-livewires/,301,152,sameAs,legacy source page for The LiveWires,2026-07-05
/source/watchlist-155/,/source/152-the-livewires/,301,152,sameAs,legacy source page for The LiveWires,2026-07-05
/source/watchlist-156-santiago-alvarez/,/source/153-santiago-alvarez/,301,153,sameAs,legacy source page for Santiago Alvarez,2026-07-05
/source/watchlist-156/,/source/153-santiago-alvarez/,301,153,sameAs,legacy source page for Santiago Alvarez,2026-07-05
/source/watchlist-157-orchester-hohnerklang/,/source/154-orchester-hohnerklang/,301,154,sameAs,legacy source page for Orchestra Hohnerklang,2026-07-05
/source/watchlist-157/,/source/154-orchester-hohnerklang/,301,154,sameAs,legacy source page for Orchestra Hohnerklang,2026-07-05
/source/watchlist-158-ptaszek-buzma/,/source/155-ptaszek-buzma/,301,155,sameAs,legacy source page for Ptaszek & Buzma,2026-07-05
/source/watchlist-158/,/source/155-ptaszek-buzma/,301,155,sameAs,legacy source page for Ptaszek & Buzma,2026-07-05
/source/watchlist-159-sigmund-groven/,/source/156-sigmund-groven/,301,156,sameAs,legacy source page for Sigmund Groven,2026-07-05
/source/watchlist-159/,/source/156-sigmund-groven/,301,156,sameAs,legacy source page for Sigmund Groven,2026-07-05
/source/watchlist-16-dr-blue/,/source/16-dr-blue/,301,16,sameAs,legacy source page for Dr. Blue 口琴樂團,2026-07-05
/source/watchlist-16/,/source/16-dr-blue/,301,16,sameAs,legacy source page for Dr. Blue 口琴樂團,2026-07-05
/source/watchlist-160-steve-baker/,/source/157-steve-baker/,301,157,sameAs,legacy source page for Steve Baker,2026-07-05
/source/watchlist-160/,/source/157-steve-baker/,301,157,sameAs,legacy source page for Steve Baker,2026-07-05
/source/watchlist-161-deak-harp/,/source/158-deak-harp/,301,158,sameAs,legacy source page for Deak Harp,2026-07-05
/source/watchlist-161/,/source/158-deak-harp/,301,158,sameAs,legacy source page for Deak Harp,2026-07-05
/source/watchlist-162-hong-kong-chinese-ymca-harmonica-orchestra/,/source/159-hong-kong-chinese-ymca-harmonica-orchestra/,301,159,sameAs,legacy source page for 香港中華基督教青年會口琴樂團,2026-07-05
/source/watchlist-162/,/source/159-hong-kong-chinese-ymca-harmonica-orchestra/,301,159,sameAs,legacy source page for 香港中華基督教青年會口琴樂團,2026-07-05
/source/watchlist-163-international-chromatic-harmonica-competition-hong-kong/,/source/160-international-chromatic-harmonica-competition-hong-kong/,301,160,sameAs,legacy source page for 香港國際半音階口琴大賽,2026-07-05
/source/watchlist-163/,/source/160-international-chromatic-harmonica-competition-hong-kong/,301,160,sameAs,legacy source page for 香港國際半音階口琴大賽,2026-07-05
/source/watchlist-164-hong-kong-schools-music-festival/,/source/161-hong-kong-schools-music-festival/,301,161,sameAs,legacy source page for 香港學校音樂節,2026-07-05
/source/watchlist-164/,/source/161-hong-kong-schools-music-festival/,301,161,sameAs,legacy source page for 香港學校音樂節,2026-07-05
/source/watchlist-165-harmonica-aficionados-society-singapore/,/source/162-harmonica-aficionados-society-singapore/,301,162,sameAs,legacy source page for 口琴愛好者協會（新加坡）,2026-07-05
/source/watchlist-165/,/source/162-harmonica-aficionados-society-singapore/,301,162,sameAs,legacy source page for 口琴愛好者協會（新加坡）,2026-07-05
/source/watchlist-166-hnhk-harmonica-orchestra/,/source/163-hnhk-harmonica-orchestra/,301,163,sameAs,legacy source page for 海南會館口琴樂團,2026-07-05
/source/watchlist-166/,/source/163-hnhk-harmonica-orchestra/,301,163,sameAs,legacy source page for 海南會館口琴樂團,2026-07-05
/source/watchlist-167-singapore-youth-festival-arts-presentation-harmonica/,/source/164-singapore-youth-festival-arts-presentation-harmonica/,301,164,sameAs,legacy source page for 新加坡青年節藝術展演（口琴）,2026-07-05
/source/watchlist-167/,/source/164-singapore-youth-festival-arts-presentation-harmonica/,301,164,sameAs,legacy source page for 新加坡青年節藝術展演（口琴）,2026-07-05
/source/watchlist-168-malaysia-harmonica-festival/,/source/165-malaysia-harmonica-festival/,301,165,sameAs,legacy source page for 馬來西亞口琴節,2026-07-05
/source/watchlist-168/,/source/165-malaysia-harmonica-festival/,301,165,sameAs,legacy source page for 馬來西亞口琴節,2026-07-05
/source/watchlist-169-the-hummingway-harmonica-ensemble/,/source/166-the-hummingway-harmonica-ensemble/,301,166,sameAs,legacy source page for 海明威口琴重奏團,2026-07-05
/source/watchlist-169/,/source/166-the-hummingway-harmonica-ensemble/,301,166,sameAs,legacy source page for 海明威口琴重奏團,2026-07-05
/source/watchlist-17-111-quintet/,/source/17-111-quintet/,301,17,sameAs,legacy source page for 111 Trio / 111 Quintet,2026-07-05
/source/watchlist-17/,/source/17-111-quintet/,301,17,sameAs,legacy source page for 111 Trio / 111 Quintet,2026-07-05
/source/watchlist-170-15th-asia-pacific-harmonica-festival/,/source/167-15th-asia-pacific-harmonica-festival/,301,167,sameAs,legacy source page for 第十五屆亞太口琴藝術週,2026-07-05
/source/watchlist-170/,/source/167-15th-asia-pacific-harmonica-festival/,301,167,sameAs,legacy source page for 第十五屆亞太口琴藝術週,2026-07-05
/source/watchlist-171-china-popular-music-association-harmonica-professional-committee/,/source/168-china-popular-music-association-harmonica-professional-committee/,301,168,sameAs,legacy source page for 中國大眾音樂協會口琴專業委員會,2026-07-05
/source/watchlist-171/,/source/168-china-popular-music-association-harmonica-professional-committee/,301,168,sameAs,legacy source page for 中國大眾音樂協會口琴專業委員會,2026-07-05
/source/watchlist-172-korea-harmonica-education-association/,/source/169-korea-harmonica-education-association/,301,169,sameAs,legacy source page for 韓國口琴教育協會,2026-07-05
/source/watchlist-172/,/source/169-korea-harmonica-education-association/,301,169,sameAs,legacy source page for 韓國口琴教育協會,2026-07-05
/source/watchlist-173-seoul-harmonica-orchestra/,/source/170-seoul-harmonica-orchestra/,301,170,sameAs,legacy source page for 首爾口琴管弦樂團,2026-07-05
/source/watchlist-173/,/source/170-seoul-harmonica-orchestra/,301,170,sameAs,legacy source page for 首爾口琴管弦樂團,2026-07-05
/source/watchlist-174-society-for-the-preservation-and-advancement-of-the-harmonica/,/source/171-society-for-the-preservation-and-advancement-of-the-harmonica/,301,171,sameAs,legacy source page for 口琴保存與推廣協會 SPAH,2026-07-05
/source/watchlist-174/,/source/171-society-for-the-preservation-and-advancement-of-the-harmonica/,301,171,sameAs,legacy source page for 口琴保存與推廣協會 SPAH,2026-07-05
/source/watchlist-175-harmonicauk/,/source/172-harmonicauk/,301,172,sameAs,legacy source page for 英國口琴協會,2026-07-05
/source/watchlist-175/,/source/172-harmonicauk/,301,172,sameAs,legacy source page for 英國口琴協會,2026-07-05
/source/watchlist-176-spring-harp-fest/,/source/173-spring-harp-fest/,301,173,sameAs,legacy source page for Spring Harp Fest,2026-07-05
/source/watchlist-176/,/source/173-spring-harp-fest/,301,173,sameAs,legacy source page for Spring Harp Fest,2026-07-05
/source/watchlist-177-yellow-pine-harmonica-festival/,/source/174-yellow-pine-harmonica-festival/,301,174,sameAs,legacy source page for Yellow Pine Harmonica Festival,2026-07-05
/source/watchlist-177/,/source/174-yellow-pine-harmonica-festival/,301,174,sameAs,legacy source page for Yellow Pine Harmonica Festival,2026-07-05
/source/watchlist-178-deutscher-harmonika-verband-e-v/,/source/175-deutscher-harmonika-verband-e-v/,301,175,sameAs,legacy source page for 德國 Harmonica/Harmonika 協會 DHV,2026-07-05
/source/watchlist-178/,/source/175-deutscher-harmonika-verband-e-v/,301,175,sameAs,legacy source page for 德國 Harmonica/Harmonika 協會 DHV,2026-07-05
/source/watchlist-179-hohner-konservatorium-trossingen/,/source/176-hohner-konservatorium-trossingen/,301,176,sameAs,legacy source page for Hohner 音樂院（特羅辛根）,2026-07-05
/source/watchlist-179/,/source/176-hohner-konservatorium-trossingen/,301,176,sameAs,legacy source page for Hohner 音樂院（特羅辛根）,2026-07-05
/source/watchlist-18-up-side-down-harmonica-ensemble/,/source/18-up-side-down-harmonica-ensemble/,301,18,sameAs,legacy source page for Up Side Down,2026-07-05
/source/watchlist-18/,/source/18-up-side-down-harmonica-ensemble/,301,18,sameAs,legacy source page for Up Side Down,2026-07-05
/source/watchlist-180-harmonica-masters-workshops/,/source/177-harmonica-masters-workshops/,301,177,sameAs,legacy source page for Harmonica Masters 口琴大師工作坊,2026-07-05
/source/watchlist-180/,/source/177-harmonica-masters-workshops/,301,177,sameAs,legacy source page for Harmonica Masters 口琴大師工作坊,2026-07-05
/source/watchlist-181-harmonica-fen-festival-academy/,/source/178-harmonica-fen-festival-academy/,301,178,sameAs,legacy source page for Harmonica FEN 口琴節與學院,2026-07-05
/source/watchlist-181/,/source/178-harmonica-fen-festival-academy/,301,178,sameAs,legacy source page for Harmonica FEN 口琴節與學院,2026-07-05
/source/watchlist-182-mundharmonika-live/,/source/179-mundharmonika-live/,301,179,sameAs,legacy source page for Mundharmonika-Live 口琴節,2026-07-05
/source/watchlist-182/,/source/179-mundharmonika-live/,301,179,sameAs,legacy source page for Mundharmonika-Live 口琴節,2026-07-05
/source/watchlist-183-f-rum-harm-nicas-brasil/,/source/180-f-rum-harm-nicas-brasil/,301,180,sameAs,legacy source page for 巴西口琴論壇,2026-07-05
/source/watchlist-183/,/source/180-f-rum-harm-nicas-brasil/,301,180,sameAs,legacy source page for 巴西口琴論壇,2026-07-05
/source/watchlist-184-orquestra-harm-nicas-de-curitiba/,/source/181-orquestra-harm-nicas-de-curitiba/,301,181,sameAs,legacy source page for 庫里奇巴口琴樂團,2026-07-05
/source/watchlist-184/,/source/181-orquestra-harm-nicas-de-curitiba/,301,181,sameAs,legacy source page for 庫里奇巴口琴樂團,2026-07-05
/source/watchlist-185-escuela-de-arm-nica-de-buenos-aires/,/source/182-escuela-de-arm-nica-de-buenos-aires/,301,182,sameAs,legacy source page for 布宜諾斯艾利斯口琴學校,2026-07-05
/source/watchlist-185/,/source/182-escuela-de-arm-nica-de-buenos-aires/,301,182,sameAs,legacy source page for 布宜諾斯艾利斯口琴學校,2026-07-05
/source/watchlist-186-empa-escuela-de-m-sica-popular-de-avellaneda-arm-nica/,/source/183-empa-escuela-de-m-sica-popular-de-avellaneda-arm-nica/,301,183,sameAs,legacy source page for EMPA 口琴課程,2026-07-05
/source/watchlist-186/,/source/183-empa-escuela-de-m-sica-popular-de-avellaneda-arm-nica/,301,183,sameAs,legacy source page for EMPA 口琴課程,2026-07-05
/source/watchlist-187-ming-hsun-tsai/,/source/184-ming-hsun-tsai/,301,184,sameAs,legacy source page for 蔡明勳,2026-07-05
/source/watchlist-187/,/source/184-ming-hsun-tsai/,301,184,sameAs,legacy source page for 蔡明勳,2026-07-05
/source/watchlist-2%2Bwatchlist-75-taiwan-harmonica-music-festival/,/source/2-taiwan-harmonica-music-festival/,301,2,sameAs,legacy source page for 臺灣口琴音樂節 THMF,2026-07-05
/source/watchlist-2%2Bwatchlist-75/,/source/2-taiwan-harmonica-music-festival/,301,2,sameAs,legacy source page for 臺灣口琴音樂節 THMF,2026-07-05
/source/watchlist-22-spotlight-harmonica-ensemble/,/source/22-spotlight-harmonica-ensemble/,301,22,sameAs,legacy source page for Spotlight 口琴樂團,2026-07-05
/source/watchlist-22/,/source/22-spotlight-harmonica-ensemble/,301,22,sameAs,legacy source page for Spotlight 口琴樂團,2026-07-05
/source/watchlist-24-philharmonica/,/source/24-philharmonica/,301,24,sameAs,legacy source page for 口琴愛樂集,2026-07-05
/source/watchlist-24/,/source/24-philharmonica/,301,24,sameAs,legacy source page for 口琴愛樂集,2026-07-05
/source/watchlist-25-brain-horizon/,/source/25-brain-horizon/,301,25,sameAs,legacy source page for 頭殼口琴樂團,2026-07-05
/source/watchlist-25/,/source/25-brain-horizon/,301,25,sameAs,legacy source page for 頭殼口琴樂團,2026-07-05
/source/watchlist-26-laelaps-harmonica/,/source/26-laelaps-harmonica/,301,26,sameAs,legacy source page for Laelaps 口琴,2026-07-05
/source/watchlist-26/,/source/26-laelaps-harmonica/,301,26,sameAs,legacy source page for Laelaps 口琴,2026-07-05
/source/watchlist-27%2Bwatchlist-94-peacetones-harmonica/,/source/27-peacetones-harmonica/,301,27,sameAs,legacy source page for 音和樂器,2026-07-05
/source/watchlist-27%2Bwatchlist-94/,/source/27-peacetones-harmonica/,301,27,sameAs,legacy source page for 音和樂器,2026-07-05
/source/watchlist-28/,/source/28/,301,28,sameAs,legacy source page for 簧格音樂有限公司,2026-07-05
/source/watchlist-29-the-duet/,/source/29-the-duet/,301,29,sameAs,legacy source page for The Duet 獨特音樂,2026-07-05
/source/watchlist-29/,/source/29-the-duet/,301,29,sameAs,legacy source page for The Duet 獨特音樂,2026-07-05
/source/watchlist-3-sirius-harmonica-ensemble/,/source/3-sirius-harmonica-ensemble/,301,3,sameAs,legacy source page for 天狼星口琴樂團 Sirius Harmonica Ensemble,2026-07-05
/source/watchlist-3/,/source/3-sirius-harmonica-ensemble/,301,3,sameAs,legacy source page for 天狼星口琴樂團 Sirius Harmonica Ensemble,2026-07-05
/source/watchlist-30%2Bwatchlist-101-dming-studio/,/source/30/,301,30,sameAs,legacy source page for 蔡明憲 DMing Studio,2026-07-05
/source/watchlist-30%2Bwatchlist-101/,/source/30/,301,30,sameAs,legacy source page for 蔡明憲 DMing Studio,2026-07-05
/source/watchlist-31/,/source/31/,301,31,sameAs,legacy source page for 張晁滕,2026-07-05
/source/watchlist-32/,/source/32/,301,32,sameAs,legacy source page for 陳彥銘,2026-07-05
/source/watchlist-33/,/source/33/,301,33,sameAs,legacy source page for 黃冠誌,2026-07-05
/source/watchlist-34-yen-hua-wang/,/source/34-yen-hua-wang/,301,34,sameAs,legacy source page for 王衍華,2026-07-05
/source/watchlist-34/,/source/34-yen-hua-wang/,301,34,sameAs,legacy source page for 王衍華,2026-07-05
/source/watchlist-35/,/source/35/,301,35,sameAs,legacy source page for 陳奕翔,2026-07-05
/source/watchlist-36/,/source/36/,301,36,sameAs,legacy source page for 莊筑迪,2026-07-05
/source/watchlist-37/,/source/37/,301,37,sameAs,legacy source page for 陳晟禕,2026-07-05
/source/watchlist-38%2Bwatchlist-88/,/source/38/,301,38,sameAs,legacy source page for 歐純伶,2026-07-05
/source/watchlist-39/,/source/39/,301,39,sameAs,legacy source page for 林士傑,2026-07-05
/source/watchlist-4-judy-s-harmonica-ensemble/,/source/4-judy-s-harmonica-ensemble/,301,4,sameAs,legacy source page for 茱蒂口琴樂團 Judy's Harmonica Ensemble,2026-07-05
/source/watchlist-4/,/source/4-judy-s-harmonica-ensemble/,301,4,sameAs,legacy source page for 茱蒂口琴樂團 Judy's Harmonica Ensemble,2026-07-05
/source/watchlist-40-henry-chen/,/source/40-henry-chen/,301,40,sameAs,legacy source page for 陳鴻儀,2026-07-05
/source/watchlist-40/,/source/40-henry-chen/,301,40,sameAs,legacy source page for 陳鴻儀,2026-07-05
/source/watchlist-41/,/source/41/,301,41,sameAs,legacy source page for 邱榮東,2026-07-05
/source/watchlist-42-hsin-ho-wang/,/source/42-hsin-ho-wang/,301,42,sameAs,legacy source page for 王心禾,2026-07-05
/source/watchlist-42/,/source/42-hsin-ho-wang/,301,42,sameAs,legacy source page for 王心禾,2026-07-05
/source/watchlist-43-yu-feng-lin/,/source/43-yu-feng-lin/,301,43,sameAs,legacy source page for 林裕豐,2026-07-05
/source/watchlist-43/,/source/43-yu-feng-lin/,301,43,sameAs,legacy source page for 林裕豐,2026-07-05
/source/watchlist-44/,/source/44/,301,44,sameAs,legacy source page for 陳聰,2026-07-05
/source/watchlist-45-wu-tsai-rung/,/source/45-wu-tsai-rung/,301,45,sameAs,legacy source page for 吳采容,2026-07-05
/source/watchlist-45/,/source/45-wu-tsai-rung/,301,45,sameAs,legacy source page for 吳采容,2026-07-05
/source/watchlist-46-alysa-liao/,/source/46-alysa-liao/,301,46,sameAs,legacy source page for 廖苡晴,2026-07-05
/source/watchlist-46/,/source/46-alysa-liao/,301,46,sameAs,legacy source page for 廖苡晴,2026-07-05
/source/watchlist-47/,/source/47/,301,47,sameAs,legacy source page for 陳柏宏,2026-07-05
/source/watchlist-48-wu-yung-lung/,/source/48-wu-yung-lung/,301,48,sameAs,legacy source page for 吳詠隆,2026-07-05
/source/watchlist-48/,/source/48-wu-yung-lung/,301,48,sameAs,legacy source page for 吳詠隆,2026-07-05
/source/watchlist-49-aiden-n-evelyn/,/source/49-aiden-n-evelyn/,301,49,sameAs,legacy source page for Aiden N Evelyn / Aiden Soon & Evelyn Choong,2026-07-05
/source/watchlist-49/,/source/49-aiden-n-evelyn/,301,49,sameAs,legacy source page for Aiden N Evelyn / Aiden Soon & Evelyn Choong,2026-07-05
/source/watchlist-5-punch-harmonica-ensemble/,/source/5-punch-harmonica-ensemble/,301,5,sameAs,legacy source page for 胖擊口琴樂團,2026-07-05
/source/watchlist-5/,/source/5-punch-harmonica-ensemble/,301,5,sameAs,legacy source page for 胖擊口琴樂團,2026-07-05
/source/watchlist-50-aiden-soon/,/source/50-aiden-soon/,301,50,sameAs,legacy source page for Aiden Soon,2026-07-05
/source/watchlist-50/,/source/50-aiden-soon/,301,50,sameAs,legacy source page for Aiden Soon,2026-07-05
/source/watchlist-51-sharene-tang/,/source/51-sharene-tang/,301,51,sameAs,legacy source page for 唐雪婷 Sharene Tang,2026-07-05
/source/watchlist-51/,/source/51-sharene-tang/,301,51,sameAs,legacy source page for 唐雪婷 Sharene Tang,2026-07-05
/source/watchlist-52-fourtissimo-harmonica-ensemble/,/source/52-fourtissimo-harmonica-ensemble/,301,52,sameAs,legacy source page for Fourtissimo Harmonica Ensemble,2026-07-05
/source/watchlist-52/,/source/52-fourtissimo-harmonica-ensemble/,301,52,sameAs,legacy source page for Fourtissimo Harmonica Ensemble,2026-07-05
/source/watchlist-53-leafin-harmonica-ensemble/,/source/53-leafin-harmonica-ensemble/,301,53,sameAs,legacy source page for Leafin Harmonica Ensemble,2026-07-05
/source/watchlist-53/,/source/53-leafin-harmonica-ensemble/,301,53,sameAs,legacy source page for Leafin Harmonica Ensemble,2026-07-05
/source/watchlist-54-cy-leo/,/source/54-cy-leo/,301,54,sameAs,legacy source page for CY Leo 何卓彥,2026-07-05
/source/watchlist-54/,/source/54-cy-leo/,301,54,sameAs,legacy source page for CY Leo 何卓彥,2026-07-05
/source/watchlist-55-kelvin-leung/,/source/55-kelvin-leung/,301,55,sameAs,legacy source page for 梁承熹 Kelvin Leung,2026-07-05
/source/watchlist-55/,/source/55-kelvin-leung/,301,55,sameAs,legacy source page for 梁承熹 Kelvin Leung,2026-07-05
/source/watchlist-56-harry-choi/,/source/56-harry-choi/,301,56,sameAs,legacy source page for 蔡偉鏗 Harry Choi,2026-07-05
/source/watchlist-56/,/source/56-harry-choi/,301,56,sameAs,legacy source page for 蔡偉鏗 Harry Choi,2026-07-05
/source/watchlist-57-rei-yamashita/,/source/57-rei-yamashita/,301,57,sameAs,legacy source page for 山下伶 Rei Yamashita,2026-07-05
/source/watchlist-57/,/source/57-rei-yamashita/,301,57,sameAs,legacy source page for 山下伶 Rei Yamashita,2026-07-05
/source/watchlist-58-minami-risa/,/source/58-minami-risa/,301,58,sameAs,legacy source page for 南里沙,2026-07-05
/source/watchlist-58/,/source/58-minami-risa/,301,58,sameAs,legacy source page for 南里沙,2026-07-05
/source/watchlist-59-taro-senga/,/source/59-taro-senga/,301,59,sameAs,legacy source page for 千賀太郎,2026-07-05
/source/watchlist-59/,/source/59-taro-senga/,301,59,sameAs,legacy source page for 千賀太郎,2026-07-05
/source/watchlist-6-rhapsody-harmonica-ensemble/,/source/6-rhapsody-harmonica-ensemble/,301,6,sameAs,legacy source page for 狂響口琴樂團 Rhapsody Harmonica Ensemble,2026-07-05
/source/watchlist-6/,/source/6-rhapsody-harmonica-ensemble/,301,6,sameAs,legacy source page for 狂響口琴樂團 Rhapsody Harmonica Ensemble,2026-07-05
/source/watchlist-60-toshi-fujii/,/source/60-toshi-fujii/,301,60,sameAs,legacy source page for 藤井俊充,2026-07-05
/source/watchlist-60/,/source/60-toshi-fujii/,301,60,sameAs,legacy source page for 藤井俊充,2026-07-05
/source/watchlist-61-tombo-harmonica-society-directory/,/source/61-tombo-harmonica-society-directory/,301,61,sameAs,legacy source page for TOMBO ハーモニカ・ソサイエティ,2026-07-05
/source/watchlist-61/,/source/61-tombo-harmonica-society-directory/,301,61,sameAs,legacy source page for TOMBO ハーモニカ・ソサイエティ,2026-07-05
/source/watchlist-62-all-japan-harmonica-federation/,/source/62-all-japan-harmonica-federation/,301,62,sameAs,legacy source page for 全日本ハーモニカ連盟 AJHF,2026-07-05
/source/watchlist-62/,/source/62-all-japan-harmonica-federation/,301,62,sameAs,legacy source page for 全日本ハーモニカ連盟 AJHF,2026-07-05
/source/watchlist-63-f-i-h-japan-harmonica-contest/,/source/63-f-i-h-japan-harmonica-contest/,301,63,sameAs,legacy source page for F.I.H. JAPAN ハーモニカコンテスト,2026-07-05
/source/watchlist-63/,/source/63-f-i-h-japan-harmonica-contest/,301,63,sameAs,legacy source page for F.I.H. JAPAN ハーモニカコンテスト,2026-07-05
/source/watchlist-64-japan-harmonica-art-association/,/source/64-japan-harmonica-art-association/,301,64,sameAs,legacy source page for 日本ハーモニカ芸術協会 JHAA,2026-07-05
/source/watchlist-64/,/source/64-japan-harmonica-art-association/,301,64,sameAs,legacy source page for 日本ハーモニカ芸術協会 JHAA,2026-07-05
/source/watchlist-65-jong-seong-park/,/source/65-jong-seong-park/,301,65,sameAs,legacy source page for Jong-seong Park 朴鍾聲,2026-07-05
/source/watchlist-65/,/source/65-jong-seong-park/,301,65,sameAs,legacy source page for Jong-seong Park 朴鍾聲,2026-07-05
/source/watchlist-66-younghoon-cho/,/source/66-younghoon-cho/,301,66,sameAs,legacy source page for Younghoon Cho,2026-07-05
/source/watchlist-66/,/source/66-younghoon-cho/,301,66,sameAs,legacy source page for Younghoon Cho,2026-07-05
/source/watchlist-67-marcos-coll/,/source/67-marcos-coll/,301,67,sameAs,legacy source page for Marcos Coll,2026-07-05
/source/watchlist-67/,/source/67-marcos-coll/,301,67,sameAs,legacy source page for Marcos Coll,2026-07-05
/source/watchlist-68-gordon-lee/,/source/68-gordon-lee/,301,68,sameAs,legacy source page for Gordon Lee 李俊樂,2026-07-05
/source/watchlist-68/,/source/68-gordon-lee/,301,68,sameAs,legacy source page for Gordon Lee 李俊樂,2026-07-05
/source/watchlist-69-dror-adler-adler-trio/,/source/69-dror-adler-adler-trio/,301,69,sameAs,legacy source page for Dror Adler / Adler Trio,2026-07-05
/source/watchlist-69/,/source/69-dror-adler-adler-trio/,301,69,sameAs,legacy source page for Dror Adler / Adler Trio,2026-07-05
/source/watchlist-7/,/source/7/,301,7,sameAs,legacy source page for 博凱愛樂口琴交響樂團,2026-07-05
/source/watchlist-70-fata-morgana/,/source/70-fata-morgana/,301,70,sameAs,legacy source page for Fata Morgana 口琴四重奏,2026-07-05
/source/watchlist-70/,/source/70-fata-morgana/,301,70,sameAs,legacy source page for Fata Morgana 口琴四重奏,2026-07-05
/source/watchlist-71%2Bclub-10-ntu-blue-sound-harmonica-club/,/source/71-ntu-blue-sound-harmonica-club/,301,71,sameAs,legacy source page for 台大藍聲口琴社,2026-07-05
/source/watchlist-71%2Bclub-10/,/source/71-ntu-blue-sound-harmonica-club/,301,71,sameAs,legacy source page for 台大藍聲口琴社,2026-07-05
/source/watchlist-73%2Bclub-20/,/source/72/,301,72,sameAs,legacy source page for 雲林縣二崙國中藝才班口琴隊,2026-07-05
/source/watchlist-74%2Bclub-9/,/source/73/,301,73,sameAs,legacy source page for 萬興國小口琴隊,2026-07-05
/source/watchlist-76-opentix/,/source/74-opentix/,301,74,sameAs,legacy source page for OPENTIX 口琴售票搜尋,2026-07-05
/source/watchlist-76/,/source/74-opentix/,301,74,sameAs,legacy source page for OPENTIX 口琴售票搜尋,2026-07-05
/source/watchlist-77/,/source/75/,301,75,sameAs,legacy source page for 新竹市文化局,2026-07-05
/source/watchlist-78/,/source/76/,301,76,sameAs,legacy source page for 新竹縣文化局,2026-07-05
/source/watchlist-79/,/source/77/,301,77,sameAs,legacy source page for 國立陽明交通大學藝文中心,2026-07-05
/source/watchlist-8%2Bwatchlist-72%2Bclub-4/,/source/8/,301,8,sameAs,legacy source page for 臺中市中華口琴會樂團,2026-07-05
/source/watchlist-80/,/source/78/,301,78,sameAs,legacy source page for 衛武營國家藝術文化中心,2026-07-05
/source/watchlist-81/,/source/79/,301,79,sameAs,legacy source page for 國家兩廳院,2026-07-05
/source/watchlist-82/,/source/80/,301,80,sameAs,legacy source page for 臺中國家歌劇院,2026-07-05
/source/watchlist-83-musix-co-ltd/,/source/81-musix-co-ltd/,301,81,sameAs,legacy source page for 雙燕樂器,2026-07-05
/source/watchlist-83/,/source/81-musix-co-ltd/,301,81,sameAs,legacy source page for 雙燕樂器,2026-07-05
/source/watchlist-84-tongho-musical-instrument-co-ltd-music4fun/,/source/82-tongho-musical-instrument-co-ltd-music4fun/,301,82,sameAs,legacy source page for 東和樂器,2026-07-05
/source/watchlist-84/,/source/82-tongho-musical-instrument-co-ltd-music4fun/,301,82,sameAs,legacy source page for 東和樂器,2026-07-05
/source/watchlist-86-from-harmonica-to-music/,/source/84-from-harmonica-to-music/,301,84,sameAs,legacy source page for From Harmonica to Music,2026-07-05
/source/watchlist-86/,/source/84-from-harmonica-to-music/,301,84,sameAs,legacy source page for From Harmonica to Music,2026-07-05
/source/watchlist-87-yellowstone-music-shop/,/source/85-yellowstone-music-shop/,301,85,sameAs,legacy source page for 黃石樂器,2026-07-05
/source/watchlist-87/,/source/85-yellowstone-music-shop/,301,85,sameAs,legacy source page for 黃石樂器,2026-07-05
/source/watchlist-89/,/source/87/,301,87,sameAs,legacy source page for 桃園玩口琴,2026-07-05
/source/watchlist-9-jang-li/,/source/9-jang-li/,301,9,sameAs,legacy source page for 李讓 Jang Li,2026-07-05
/source/watchlist-9/,/source/9-jang-li/,301,9,sameAs,legacy source page for 李讓 Jang Li,2026-07-05
/source/watchlist-90-bluebo-harmonica/,/source/88-bluebo-harmonica/,301,88,sameAs,legacy source page for 藍波口琴教室,2026-07-05
/source/watchlist-90/,/source/88-bluebo-harmonica/,301,88,sameAs,legacy source page for 藍波口琴教室,2026-07-05
/source/watchlist-91-baba-harmonica-studio/,/source/89-baba-harmonica-studio/,301,89,sameAs,legacy source page for 巴巴口琴坊,2026-07-05
/source/watchlist-91/,/source/89-baba-harmonica-studio/,301,89,sameAs,legacy source page for 巴巴口琴坊,2026-07-05
/source/watchlist-92-an-afternoon-with-harmonica/,/source/90-an-afternoon-with-harmonica/,301,90,sameAs,legacy source page for An Afternoon with Harmonica,2026-07-05
/source/watchlist-92/,/source/90-an-afternoon-with-harmonica/,301,90,sameAs,legacy source page for An Afternoon with Harmonica,2026-07-05
/source/watchlist-93-taipei-yellowstone-harmonica-ensemble/,/source/91-taipei-yellowstone-harmonica-ensemble/,301,91,sameAs,legacy source page for 臺北黃石口琴樂團,2026-07-05
/source/watchlist-93/,/source/91-taipei-yellowstone-harmonica-ensemble/,301,91,sameAs,legacy source page for 臺北黃石口琴樂團,2026-07-05
/source/watchlist-95-rhapsody-harmonica-drum-studio/,/source/92-rhapsody-harmonica-drum-studio/,301,92,sameAs,legacy source page for 狂響逗嘴鼓口琴樂坊,2026-07-05
/source/watchlist-95/,/source/92-rhapsody-harmonica-drum-studio/,301,92,sameAs,legacy source page for 狂響逗嘴鼓口琴樂坊,2026-07-05
/source/watchlist-96-redbricks-harmonica/,/source/93-redbricks-harmonica/,301,93,sameAs,legacy source page for RedBricks Harmonica,2026-07-05
/source/watchlist-96/,/source/93-redbricks-harmonica/,301,93,sameAs,legacy source page for RedBricks Harmonica,2026-07-05
/source/watchlist-97-duo-volce-music-studio/,/source/94-duo-volce-music-studio/,301,94,sameAs,legacy source page for Duo Volce Music Studio 誼聲音樂室,2026-07-05
/source/watchlist-97/,/source/94-duo-volce-music-studio/,301,94,sameAs,legacy source page for Duo Volce Music Studio 誼聲音樂室,2026-07-05
/source/watchlist-98-weissenberg-harmonicas/,/source/95-weissenberg-harmonicas/,301,95,sameAs,legacy source page for 韋笙堡口琴 Weissenberg Harmonicas,2026-07-05
/source/watchlist-98/,/source/95-weissenberg-harmonicas/,301,95,sameAs,legacy source page for 韋笙堡口琴 Weissenberg Harmonicas,2026-07-05
/source/watchlist-99/,/source/96/,301,96,sameAs,legacy source page for 高雄市兒童口琴樂團 / 高雄市口琴協會,2026-07-05
