https://harmonica.observe.tw/source/club-11-ntnu-harmonica-club/,https://harmonica.observe.tw/source/190-ntnu-harmonica-club/,301,true,false,false,false
https://harmonica.observe.tw/source/club-11/,https://harmonica.observe.tw/source/190-ntnu-harmonica-club/,301,true,false,false,false
https://harmonica.observe.tw/source/club-12-hsnu-cozy-harmonica/,https://harmonica.observe.tw/source/191-hsnu-cozy-harmonica/,301,true,false,false,false
https://harmonica.observe.tw/source/club-12/,https://harmonica.observe.tw/source/191-hsnu-cozy-harmonica/,301,true,false,false,false
https://harmonica.observe.tw/source/club-13-ckhc-64th/,https://harmonica.observe.tw/source/192-ckhc-64th/,301,true,false,false,false
https://harmonica.observe.tw/source/club-13/,https://harmonica.observe.tw/source/192-ckhc-64th/,301,true,false,false,false
https://harmonica.observe.tw/source/club-14-ncku-harmonica-club/,https://harmonica.observe.tw/source/193-ncku-harmonica-club/,301,true,false,false,false
https://harmonica.observe.tw/source/club-14/,https://harmonica.observe.tw/source/193-ncku-harmonica-club/,301,true,false,false,false
https://harmonica.observe.tw/source/club-15-npust-hmc/,https://harmonica.observe.tw/source/194-npust-hmc/,301,true,false,false,false
https://harmonica.observe.tw/source/club-15/,https://harmonica.observe.tw/source/194-npust-hmc/,301,true,false,false,false
https://harmonica.observe.tw/source/club-16-chgsh-harmonica/,https://harmonica.observe.tw/source/195-chgsh-harmonica/,301,true,false,false,false
https://harmonica.observe.tw/source/club-16/,https://harmonica.observe.tw/source/195-chgsh-harmonica/,301,true,false,false,false
https://harmonica.observe.tw/source/club-17-ncue-harmonica/,https://harmonica.observe.tw/source/196-ncue-harmonica/,301,true,false,false,false
https://harmonica.observe.tw/source/club-17/,https://harmonica.observe.tw/source/196-ncue-harmonica/,301,true,false,false,false
https://harmonica.observe.tw/source/club-18-nthu-harmonica-club/,https://harmonica.observe.tw/source/197-nthu-harmonica-club/,301,true,false,false,false
https://harmonica.observe.tw/source/club-18/,https://harmonica.observe.tw/source/197-nthu-harmonica-club/,301,true,false,false,false
https://harmonica.observe.tw/source/club-19-bamboo-melody-harmonica-club/,https://harmonica.observe.tw/source/198-bamboo-melody-harmonica-club/,301,true,false,false,false
https://harmonica.observe.tw/source/club-19/,https://harmonica.observe.tw/source/198-bamboo-melody-harmonica-club/,301,true,false,false,false
https://harmonica.observe.tw/source/club-2%2Bclub-3-mcu-harmonica/,https://harmonica.observe.tw/source/185-mcu-ming-xin-harmonica-club/,301,true,false,false,false
https://harmonica.observe.tw/source/club-2%2Bclub-3/,https://harmonica.observe.tw/source/185-mcu-ming-xin-harmonica-club/,301,true,false,false,false
https://harmonica.observe.tw/source/club-21-nkust-harmonica/,https://harmonica.observe.tw/source/199-nkust-harmonica/,301,true,false,false,false
https://harmonica.observe.tw/source/club-21/,https://harmonica.observe.tw/source/199-nkust-harmonica/,301,true,false,false,false
https://harmonica.observe.tw/source/club-22-kshs-harmonica/,https://harmonica.observe.tw/source/200-kshs-harmonica/,301,true,false,false,false
https://harmonica.observe.tw/source/club-22/,https://harmonica.observe.tw/source/200-kshs-harmonica/,301,true,false,false,false
https://harmonica.observe.tw/source/club-23-tnfsh-harmonica/,https://harmonica.observe.tw/source/201-tnfsh-harmonica/,301,true,false,false,false
https://harmonica.observe.tw/source/club-23/,https://harmonica.observe.tw/source/201-tnfsh-harmonica/,301,true,false,false,false
https://harmonica.observe.tw/source/club-24-waseda-university-harmonica-society/,https://harmonica.observe.tw/source/202-waseda-university-harmonica-society/,301,true,false,false,false
https://harmonica.observe.tw/source/club-24/,https://harmonica.observe.tw/source/202-waseda-university-harmonica-society/,301,true,false,false,false
https://harmonica.observe.tw/source/club-25-meiji-university-harmonica-society/,https://harmonica.observe.tw/source/203-meiji-university-harmonica-society/,301,true,false,false,false
https://harmonica.observe.tw/source/club-25/,https://harmonica.observe.tw/source/203-meiji-university-harmonica-society/,301,true,false,false,false
https://harmonica.observe.tw/source/club-26-chuo-university-harmonica-society/,https://harmonica.observe.tw/source/204-chuo-university-harmonica-society/,301,true,false,false,false
https://harmonica.observe.tw/source/club-26/,https://harmonica.observe.tw/source/204-chuo-university-harmonica-society/,301,true,false,false,false
https://harmonica.observe.tw/source/club-27-rikkyo-university-harmonica-society/,https://harmonica.observe.tw/source/205-rikkyo-university-harmonica-society/,301,true,false,false,false
https://harmonica.observe.tw/source/club-27/,https://harmonica.observe.tw/source/205-rikkyo-university-harmonica-society/,301,true,false,false,false
https://harmonica.observe.tw/source/club-28-kwansei-gakuin-university-harmonica-society/,https://harmonica.observe.tw/source/206-kwansei-gakuin-university-harmonica-society/,301,true,false,false,false
https://harmonica.observe.tw/source/club-28/,https://harmonica.observe.tw/source/206-kwansei-gakuin-university-harmonica-society/,301,true,false,false,false
https://harmonica.observe.tw/source/club-29-kagoshima-university-harmonica-band-capital-harmony/,https://harmonica.observe.tw/source/207-kagoshima-university-harmonica-band-capital-harmony/,301,true,false,false,false
https://harmonica.observe.tw/source/club-29/,https://harmonica.observe.tw/source/207-kagoshima-university-harmonica-band-capital-harmony/,301,true,false,false,false
https://harmonica.observe.tw/source/club-30-yamagata-city-commercial-high-school-harmonica-band/,https://harmonica.observe.tw/source/208-yamagata-city-commercial-high-school-harmonica-band/,301,true,false,false,false
https://harmonica.observe.tw/source/club-30/,https://harmonica.observe.tw/source/208-yamagata-city-commercial-high-school-harmonica-band/,301,true,false,false,false
https://harmonica.observe.tw/source/club-31-kcobaps-harmonica-band/,https://harmonica.observe.tw/source/209-kcobaps-harmonica-band/,301,true,false,false,false
https://harmonica.observe.tw/source/club-31/,https://harmonica.observe.tw/source/209-kcobaps-harmonica-band/,301,true,false,false,false
https://harmonica.observe.tw/source/club-32-spcc-harmonica-orchestra/,https://harmonica.observe.tw/source/210-spcc-harmonica-orchestra/,301,true,false,false,false
https://harmonica.observe.tw/source/club-32/,https://harmonica.observe.tw/source/210-spcc-harmonica-orchestra/,301,true,false,false,false
https://harmonica.observe.tw/source/club-33-nus-harmonica/,https://harmonica.observe.tw/source/211-nus-harmonica/,301,true,false,false,false
https://harmonica.observe.tw/source/club-33/,https://harmonica.observe.tw/source/211-nus-harmonica/,301,true,false,false,false
https://harmonica.observe.tw/source/club-34-ntu-cac-harmonica-band/,https://harmonica.observe.tw/source/212-ntu-cac-harmonica-band/,301,true,false,false,false
https://harmonica.observe.tw/source/club-34/,https://harmonica.observe.tw/source/212-ntu-cac-harmonica-band/,301,true,false,false,false
https://harmonica.observe.tw/source/club-35-yuhua-secondary-school-harmonica-band/,https://harmonica.observe.tw/source/213-yuhua-secondary-school-harmonica-band/,301,true,false,false,false
https://harmonica.observe.tw/source/club-35/,https://harmonica.observe.tw/source/213-yuhua-secondary-school-harmonica-band/,301,true,false,false,false
https://harmonica.observe.tw/source/club-36-pcghs-harmonica-band/,https://harmonica.observe.tw/source/214-pcghs-harmonica-band/,301,true,false,false,false
https://harmonica.observe.tw/source/club-36/,https://harmonica.observe.tw/source/214-pcghs-harmonica-band/,301,true,false,false,false
https://harmonica.observe.tw/source/club-37-clhs-harmonica-band/,https://harmonica.observe.tw/source/215-clhs-harmonica-band/,301,true,false,false,false
https://harmonica.observe.tw/source/club-37/,https://harmonica.observe.tw/source/215-clhs-harmonica-band/,301,true,false,false,false
https://harmonica.observe.tw/source/club-38-wuhan-university-of-technology-xingyi-harmonica-association/,https://harmonica.observe.tw/source/216-wuhan-university-of-technology-xingyi-harmonica-association/,301,true,false,false,false
https://harmonica.observe.tw/source/club-38/,https://harmonica.observe.tw/source/216-wuhan-university-of-technology-xingyi-harmonica-association/,301,true,false,false,false
https://harmonica.observe.tw/source/club-39-ccnu-student-zhiyin-harmonica-club/,https://harmonica.observe.tw/source/217-ccnu-student-zhiyin-harmonica-club/,301,true,false,false,false
https://harmonica.observe.tw/source/club-39/,https://harmonica.observe.tw/source/217-ccnu-student-zhiyin-harmonica-club/,301,true,false,false,false
https://harmonica.observe.tw/source/club-5-tcfsh-harmonica/,https://harmonica.observe.tw/source/186-tcfsh-harmonica/,301,true,false,false,false
https://harmonica.observe.tw/source/club-5/,https://harmonica.observe.tw/source/186-tcfsh-harmonica/,301,true,false,false,false
https://harmonica.observe.tw/source/club-6-csmu-blue-melody/,https://harmonica.observe.tw/source/187-csmu-blue-melody/,301,true,false,false,false
https://harmonica.observe.tw/source/club-6/,https://harmonica.observe.tw/source/187-csmu-blue-melody/,301,true,false,false,false
https://harmonica.observe.tw/source/club-7-nutc-harmonica/,https://harmonica.observe.tw/source/188-nutc-harmonica/,301,true,false,false,false
https://harmonica.observe.tw/source/club-7/,https://harmonica.observe.tw/source/188-nutc-harmonica/,301,true,false,false,false
https://harmonica.observe.tw/source/club-8-fcu-harmonica/,https://harmonica.observe.tw/source/189-fcu-harmonica/,301,true,false,false,false
https://harmonica.observe.tw/source/club-8/,https://harmonica.observe.tw/source/189-fcu-harmonica/,301,true,false,false,false
https://harmonica.observe.tw/source/watchlist-10-rolabo-lin/,https://harmonica.observe.tw/source/10-rolabo-lin/,301,true,false,false,false
https://harmonica.observe.tw/source/watchlist-10/,https://harmonica.observe.tw/source/10-rolabo-lin/,301,true,false,false,false
https://harmonica.observe.tw/source/watchlist-100/,https://harmonica.observe.tw/source/97/,301,true,false,false,false
https://harmonica.observe.tw/source/watchlist-102/,https://harmonica.observe.tw/source/99/,301,true,false,false,false
https://harmonica.observe.tw/source/watchlist-103-otis-tsao/,https://harmonica.observe.tw/source/100-otis-tsao/,301,true,false,false,false
https://harmonica.observe.tw/source/watchlist-103/,https://harmonica.observe.tw/source/100-otis-tsao/,301,true,false,false,false
https://harmonica.observe.tw/source/watchlist-104-ho-kah-kean-harmonikahkean/,https://harmonica.observe.tw/source/101-ho-kah-kean-harmonikahkean/,301,true,false,false,false
https://harmonica.observe.tw/source/watchlist-104/,https://harmonica.observe.tw/source/101-ho-kah-kean-harmonikahkean/,301,true,false,false,false
https://harmonica.observe.tw/source/watchlist-105-pocket-harmonic/,https://harmonica.observe.tw/source/102-pocket-harmonic/,301,true,false,false,false
https://harmonica.observe.tw/source/watchlist-105/,https://harmonica.observe.tw/source/102-pocket-harmonic/,301,true,false,false,false
https://harmonica.observe.tw/source/watchlist-106-yora-chen/,https://harmonica.observe.tw/source/103-yora-chen/,301,true,false,false,false
https://harmonica.observe.tw/source/watchlist-106/,https://harmonica.observe.tw/source/103-yora-chen/,301,true,false,false,false
https://harmonica.observe.tw/source/watchlist-107-timothy-yip/,https://harmonica.observe.tw/source/104-timothy-yip/,301,true,false,false,false
https://harmonica.observe.tw/source/watchlist-107/,https://harmonica.observe.tw/source/104-timothy-yip/,301,true,false,false,false
https://harmonica.observe.tw/source/watchlist-108-stay-drunk-harmonica-ensemble/,https://harmonica.observe.tw/source/105-stay-drunk-harmonica-ensemble/,301,true,false,false,false
https://harmonica.observe.tw/source/watchlist-108/,https://harmonica.observe.tw/source/105-stay-drunk-harmonica-ensemble/,301,true,false,false,false
https://harmonica.observe.tw/source/watchlist-109-seoul-international-harmonica-festival/,https://harmonica.observe.tw/source/106-seoul-international-harmonica-festival/,301,true,false,false,false
https://harmonica.observe.tw/source/watchlist-109/,https://harmonica.observe.tw/source/106-seoul-international-harmonica-festival/,301,true,false,false,false
https://harmonica.observe.tw/source/watchlist-11/,https://harmonica.observe.tw/source/11/,301,true,false,false,false
https://harmonica.observe.tw/source/watchlist-110-konstantin-reinfeld/,https://harmonica.observe.tw/source/107-konstantin-reinfeld/,301,true,false,false,false
https://harmonica.observe.tw/source/watchlist-110/,https://harmonica.observe.tw/source/107-konstantin-reinfeld/,301,true,false,false,false
https://harmonica.observe.tw/source/watchlist-111-rodrigo-eberienos/,https://harmonica.observe.tw/source/108-rodrigo-eberienos/,301,true,false,false,false
https://harmonica.observe.tw/source/watchlist-111/,https://harmonica.observe.tw/source/108-rodrigo-eberienos/,301,true,false,false,false
https://harmonica.observe.tw/source/watchlist-112-boris-plotnikov/,https://harmonica.observe.tw/source/109-boris-plotnikov/,301,true,false,false,false
https://harmonica.observe.tw/source/watchlist-112/,https://harmonica.observe.tw/source/109-boris-plotnikov/,301,true,false,false,false
https://harmonica.observe.tw/source/watchlist-113-takamoto-mizuno/,https://harmonica.observe.tw/source/110-takamoto-mizuno/,301,true,false,false,false
https://harmonica.observe.tw/source/watchlist-113/,https://harmonica.observe.tw/source/110-takamoto-mizuno/,301,true,false,false,false
https://harmonica.observe.tw/source/watchlist-114-lee-hangyeol/,https://harmonica.observe.tw/source/111-lee-hangyeol/,301,true,false,false,false
https://harmonica.observe.tw/source/watchlist-114/,https://harmonica.observe.tw/source/111-lee-hangyeol/,301,true,false,false,false
https://harmonica.observe.tw/source/watchlist-115-kim-changsik/,https://harmonica.observe.tw/source/112-kim-changsik/,301,true,false,false,false
https://harmonica.observe.tw/source/watchlist-115/,https://harmonica.observe.tw/source/112-kim-changsik/,301,true,false,false,false
https://harmonica.observe.tw/source/watchlist-116-kim-kyunghee/,https://harmonica.observe.tw/source/112-kim-changsik/,301,true,false,false,false
https://harmonica.observe.tw/source/watchlist-116/,https://harmonica.observe.tw/source/112-kim-changsik/,301,true,false,false,false
https://harmonica.observe.tw/source/watchlist-118-filip-jers/,https://harmonica.observe.tw/source/115-filip-jers/,301,true,false,false,false
https://harmonica.observe.tw/source/watchlist-118/,https://harmonica.observe.tw/source/115-filip-jers/,301,true,false,false,false
https://harmonica.observe.tw/source/watchlist-120-yasuo-watani/,https://harmonica.observe.tw/source/117-yasuo-watani/,301,true,false,false,false
https://harmonica.observe.tw/source/watchlist-120/,https://harmonica.observe.tw/source/117-yasuo-watani/,301,true,false,false,false
https://harmonica.observe.tw/source/watchlist-121-federico-linari/,https://harmonica.observe.tw/source/118-federico-linari/,301,true,false,false,false
https://harmonica.observe.tw/source/watchlist-121/,https://harmonica.observe.tw/source/118-federico-linari/,301,true,false,false,false
https://harmonica.observe.tw/source/watchlist-122-koei-tanaka/,https://harmonica.observe.tw/source/119-koei-tanaka/,301,true,false,false,false
https://harmonica.observe.tw/source/watchlist-122/,https://harmonica.observe.tw/source/119-koei-tanaka/,301,true,false,false,false
https://harmonica.observe.tw/source/watchlist-123-the-magic-harmonica-ensemble/,https://harmonica.observe.tw/source/120-the-magic-harmonica-ensemble/,301,true,false,false,false
https://harmonica.observe.tw/source/watchlist-123/,https://harmonica.observe.tw/source/120-the-magic-harmonica-ensemble/,301,true,false,false,false
https://harmonica.observe.tw/source/watchlist-124-fresco-harmonica-ensemble/,https://harmonica.observe.tw/source/121-fresco-harmonica-ensemble/,301,true,false,false,false
https://harmonica.observe.tw/source/watchlist-124/,https://harmonica.observe.tw/source/121-fresco-harmonica-ensemble/,301,true,false,false,false
https://harmonica.observe.tw/source/watchlist-125-perfect-fourth/,https://harmonica.observe.tw/source/122-perfect-fourth/,301,true,false,false,false
https://harmonica.observe.tw/source/watchlist-125/,https://harmonica.observe.tw/source/122-perfect-fourth/,301,true,false,false,false
https://harmonica.observe.tw/source/watchlist-126-yuanmao-wang/,https://harmonica.observe.tw/source/123-yuanmao-wang/,301,true,false,false,false
https://harmonica.observe.tw/source/watchlist-126/,https://harmonica.observe.tw/source/123-yuanmao-wang/,301,true,false,false,false
https://harmonica.observe.tw/source/watchlist-127-ausgelassen-x-wesley-wong/,https://harmonica.observe.tw/source/124-ausgelassen-x-wesley-wong/,301,true,false,false,false
https://harmonica.observe.tw/source/watchlist-127/,https://harmonica.observe.tw/source/124-ausgelassen-x-wesley-wong/,301,true,false,false,false
https://harmonica.observe.tw/source/watchlist-128-jens-bunge/,https://harmonica.observe.tw/source/125-jens-bunge/,301,true,false,false,false
https://harmonica.observe.tw/source/watchlist-128/,https://harmonica.observe.tw/source/125-jens-bunge/,301,true,false,false,false
https://harmonica.observe.tw/source/watchlist-129-korea-harmonica-orchestra/,https://harmonica.observe.tw/source/126-korea-harmonica-orchestra/,301,true,false,false,false
https://harmonica.observe.tw/source/watchlist-129/,https://harmonica.observe.tw/source/126-korea-harmonica-orchestra/,301,true,false,false,false
https://harmonica.observe.tw/source/watchlist-13-donuts/,https://harmonica.observe.tw/source/13-donuts/,301,true,false,false,false
https://harmonica.observe.tw/source/watchlist-13/,https://harmonica.observe.tw/source/13-donuts/,301,true,false,false,false
https://harmonica.observe.tw/source/watchlist-130-reyharp-and-balawan-project/,https://harmonica.observe.tw/source/127-reyharp-and-balawan-project/,301,true,false,false,false
https://harmonica.observe.tw/source/watchlist-130/,https://harmonica.observe.tw/source/127-reyharp-and-balawan-project/,301,true,false,false,false
https://harmonica.observe.tw/source/watchlist-131-long-deng-jie/,https://harmonica.observe.tw/source/128-long-deng-jie/,301,true,false,false,false
https://harmonica.observe.tw/source/watchlist-131/,https://harmonica.observe.tw/source/128-long-deng-jie/,301,true,false,false,false
https://harmonica.observe.tw/source/watchlist-133-hong-kong-harmonica-association/,https://harmonica.observe.tw/source/130-hong-kong-harmonica-association/,301,true,false,false,false
https://harmonica.observe.tw/source/watchlist-133/,https://harmonica.observe.tw/source/130-hong-kong-harmonica-association/,301,true,false,false,false
https://harmonica.observe.tw/source/watchlist-135-antonio-serrano/,https://harmonica.observe.tw/source/132-antonio-serrano/,301,true,false,false,false
https://harmonica.observe.tw/source/watchlist-135/,https://harmonica.observe.tw/source/132-antonio-serrano/,301,true,false,false,false
https://harmonica.observe.tw/source/watchlist-136-indiara-sfair/,https://harmonica.observe.tw/source/133-indiara-sfair/,301,true,false,false,false
https://harmonica.observe.tw/source/watchlist-136/,https://harmonica.observe.tw/source/133-indiara-sfair/,301,true,false,false,false
https://harmonica.observe.tw/source/watchlist-14-mr-why/,https://harmonica.observe.tw/source/14-mr-why/,301,true,false,false,false
https://harmonica.observe.tw/source/watchlist-14/,https://harmonica.observe.tw/source/14-mr-why/,301,true,false,false,false
https://harmonica.observe.tw/source/watchlist-140-veloz-harmonica-quartet/,https://harmonica.observe.tw/source/137-veloz-harmonica-quartet/,301,true,false,false,false
https://harmonica.observe.tw/source/watchlist-140/,https://harmonica.observe.tw/source/137-veloz-harmonica-quartet/,301,true,false,false,false
https://harmonica.observe.tw/source/watchlist-141-keith-dunn/,https://harmonica.observe.tw/source/138-keith-dunn/,301,true,false,false,false
https://harmonica.observe.tw/source/watchlist-141/,https://harmonica.observe.tw/source/138-keith-dunn/,301,true,false,false,false
https://harmonica.observe.tw/source/watchlist-142-lee-oskar/,https://harmonica.observe.tw/source/139-lee-oskar/,301,true,false,false,false
https://harmonica.observe.tw/source/watchlist-142/,https://harmonica.observe.tw/source/139-lee-oskar/,301,true,false,false,false
https://harmonica.observe.tw/source/watchlist-143-gregoire-maret/,https://harmonica.observe.tw/source/140-gregoire-maret/,301,true,false,false,false
https://harmonica.observe.tw/source/watchlist-143/,https://harmonica.observe.tw/source/140-gregoire-maret/,301,true,false,false,false
https://harmonica.observe.tw/source/watchlist-144-kif-valentine/,https://harmonica.observe.tw/source/141-kif-valentine/,301,true,false,false,false
https://harmonica.observe.tw/source/watchlist-144/,https://harmonica.observe.tw/source/141-kif-valentine/,301,true,false,false,false
https://harmonica.observe.tw/source/watchlist-145-howard-levy/,https://harmonica.observe.tw/source/142-howard-levy/,301,true,false,false,false
https://harmonica.observe.tw/source/watchlist-145/,https://harmonica.observe.tw/source/142-howard-levy/,301,true,false,false,false
https://harmonica.observe.tw/source/watchlist-146-brendan-power/,https://harmonica.observe.tw/source/143-brendan-power/,301,true,false,false,false
https://harmonica.observe.tw/source/watchlist-146/,https://harmonica.observe.tw/source/143-brendan-power/,301,true,false,false,false
https://harmonica.observe.tw/source/watchlist-149-world-harmonica-festival/,https://harmonica.observe.tw/source/146-world-harmonica-festival/,301,true,false,false,false
https://harmonica.observe.tw/source/watchlist-149/,https://harmonica.observe.tw/source/146-world-harmonica-festival/,301,true,false,false,false
https://harmonica.observe.tw/source/watchlist-15/,https://harmonica.observe.tw/source/15/,301,true,false,false,false
https://harmonica.observe.tw/source/watchlist-150-yoonseok-lee/,https://harmonica.observe.tw/source/147-yoonseok-lee/,301,true,false,false,false
https://harmonica.observe.tw/source/watchlist-150/,https://harmonica.observe.tw/source/147-yoonseok-lee/,301,true,false,false,false
https://harmonica.observe.tw/source/watchlist-151-hank-shreve/,https://harmonica.observe.tw/source/148-hank-shreve/,301,true,false,false,false
https://harmonica.observe.tw/source/watchlist-151/,https://harmonica.observe.tw/source/148-hank-shreve/,301,true,false,false,false
https://harmonica.observe.tw/source/watchlist-152-liam-ward-malcolm-thorne/,https://harmonica.observe.tw/source/149-liam-ward-malcolm-thorne/,301,true,false,false,false
https://harmonica.observe.tw/source/watchlist-152/,https://harmonica.observe.tw/source/149-liam-ward-malcolm-thorne/,301,true,false,false,false
https://harmonica.observe.tw/source/watchlist-153-tian-long-li/,https://harmonica.observe.tw/source/150-tian-long-li/,301,true,false,false,false
https://harmonica.observe.tw/source/watchlist-153/,https://harmonica.observe.tw/source/150-tian-long-li/,301,true,false,false,false
https://harmonica.observe.tw/source/watchlist-154-rachelle-plas-philippe-hervouet/,https://harmonica.observe.tw/source/151-rachelle-plas-philippe-hervouet/,301,true,false,false,false
https://harmonica.observe.tw/source/watchlist-154/,https://harmonica.observe.tw/source/151-rachelle-plas-philippe-hervouet/,301,true,false,false,false
https://harmonica.observe.tw/source/watchlist-155-the-livewires/,https://harmonica.observe.tw/source/152-the-livewires/,301,true,false,false,false
https://harmonica.observe.tw/source/watchlist-155/,https://harmonica.observe.tw/source/152-the-livewires/,301,true,false,false,false
https://harmonica.observe.tw/source/watchlist-156-santiago-alvarez/,https://harmonica.observe.tw/source/153-santiago-alvarez/,301,true,false,false,false
https://harmonica.observe.tw/source/watchlist-156/,https://harmonica.observe.tw/source/153-santiago-alvarez/,301,true,false,false,false
https://harmonica.observe.tw/source/watchlist-157-orchester-hohnerklang/,https://harmonica.observe.tw/source/154-orchester-hohnerklang/,301,true,false,false,false
https://harmonica.observe.tw/source/watchlist-157/,https://harmonica.observe.tw/source/154-orchester-hohnerklang/,301,true,false,false,false
https://harmonica.observe.tw/source/watchlist-158-ptaszek-buzma/,https://harmonica.observe.tw/source/155-ptaszek-buzma/,301,true,false,false,false
https://harmonica.observe.tw/source/watchlist-158/,https://harmonica.observe.tw/source/155-ptaszek-buzma/,301,true,false,false,false
https://harmonica.observe.tw/source/watchlist-159-sigmund-groven/,https://harmonica.observe.tw/source/156-sigmund-groven/,301,true,false,false,false
https://harmonica.observe.tw/source/watchlist-159/,https://harmonica.observe.tw/source/156-sigmund-groven/,301,true,false,false,false
https://harmonica.observe.tw/source/watchlist-16-dr-blue/,https://harmonica.observe.tw/source/16-dr-blue/,301,true,false,false,false
https://harmonica.observe.tw/source/watchlist-16/,https://harmonica.observe.tw/source/16-dr-blue/,301,true,false,false,false
https://harmonica.observe.tw/source/watchlist-160-steve-baker/,https://harmonica.observe.tw/source/157-steve-baker/,301,true,false,false,false
https://harmonica.observe.tw/source/watchlist-160/,https://harmonica.observe.tw/source/157-steve-baker/,301,true,false,false,false
https://harmonica.observe.tw/source/watchlist-161-deak-harp/,https://harmonica.observe.tw/source/158-deak-harp/,301,true,false,false,false
https://harmonica.observe.tw/source/watchlist-161/,https://harmonica.observe.tw/source/158-deak-harp/,301,true,false,false,false
https://harmonica.observe.tw/source/watchlist-162-hong-kong-chinese-ymca-harmonica-orchestra/,https://harmonica.observe.tw/source/159-hong-kong-chinese-ymca-harmonica-orchestra/,301,true,false,false,false
https://harmonica.observe.tw/source/watchlist-162/,https://harmonica.observe.tw/source/159-hong-kong-chinese-ymca-harmonica-orchestra/,301,true,false,false,false
https://harmonica.observe.tw/source/watchlist-163-international-chromatic-harmonica-competition-hong-kong/,https://harmonica.observe.tw/source/160-international-chromatic-harmonica-competition-hong-kong/,301,true,false,false,false
https://harmonica.observe.tw/source/watchlist-163/,https://harmonica.observe.tw/source/160-international-chromatic-harmonica-competition-hong-kong/,301,true,false,false,false
https://harmonica.observe.tw/source/watchlist-164-hong-kong-schools-music-festival/,https://harmonica.observe.tw/source/161-hong-kong-schools-music-festival/,301,true,false,false,false
https://harmonica.observe.tw/source/watchlist-164/,https://harmonica.observe.tw/source/161-hong-kong-schools-music-festival/,301,true,false,false,false
https://harmonica.observe.tw/source/watchlist-165-harmonica-aficionados-society-singapore/,https://harmonica.observe.tw/source/162-harmonica-aficionados-society-singapore/,301,true,false,false,false
https://harmonica.observe.tw/source/watchlist-165/,https://harmonica.observe.tw/source/162-harmonica-aficionados-society-singapore/,301,true,false,false,false
https://harmonica.observe.tw/source/watchlist-166-hnhk-harmonica-orchestra/,https://harmonica.observe.tw/source/163-hnhk-harmonica-orchestra/,301,true,false,false,false
https://harmonica.observe.tw/source/watchlist-166/,https://harmonica.observe.tw/source/163-hnhk-harmonica-orchestra/,301,true,false,false,false
https://harmonica.observe.tw/source/watchlist-167-singapore-youth-festival-arts-presentation-harmonica/,https://harmonica.observe.tw/source/164-singapore-youth-festival-arts-presentation-harmonica/,301,true,false,false,false
https://harmonica.observe.tw/source/watchlist-167/,https://harmonica.observe.tw/source/164-singapore-youth-festival-arts-presentation-harmonica/,301,true,false,false,false
https://harmonica.observe.tw/source/watchlist-168-malaysia-harmonica-festival/,https://harmonica.observe.tw/source/165-malaysia-harmonica-festival/,301,true,false,false,false
https://harmonica.observe.tw/source/watchlist-168/,https://harmonica.observe.tw/source/165-malaysia-harmonica-festival/,301,true,false,false,false
https://harmonica.observe.tw/source/watchlist-169-the-hummingway-harmonica-ensemble/,https://harmonica.observe.tw/source/166-the-hummingway-harmonica-ensemble/,301,true,false,false,false
https://harmonica.observe.tw/source/watchlist-169/,https://harmonica.observe.tw/source/166-the-hummingway-harmonica-ensemble/,301,true,false,false,false
https://harmonica.observe.tw/source/watchlist-17-111-quintet/,https://harmonica.observe.tw/source/17-111-quintet/,301,true,false,false,false
https://harmonica.observe.tw/source/watchlist-17/,https://harmonica.observe.tw/source/17-111-quintet/,301,true,false,false,false
https://harmonica.observe.tw/source/watchlist-170-15th-asia-pacific-harmonica-festival/,https://harmonica.observe.tw/source/167-15th-asia-pacific-harmonica-festival/,301,true,false,false,false
https://harmonica.observe.tw/source/watchlist-170/,https://harmonica.observe.tw/source/167-15th-asia-pacific-harmonica-festival/,301,true,false,false,false
https://harmonica.observe.tw/source/watchlist-171-china-popular-music-association-harmonica-professional-committee/,https://harmonica.observe.tw/source/168-china-popular-music-association-harmonica-professional-committee/,301,true,false,false,false
https://harmonica.observe.tw/source/watchlist-171/,https://harmonica.observe.tw/source/168-china-popular-music-association-harmonica-professional-committee/,301,true,false,false,false
https://harmonica.observe.tw/source/watchlist-172-korea-harmonica-education-association/,https://harmonica.observe.tw/source/169-korea-harmonica-education-association/,301,true,false,false,false
https://harmonica.observe.tw/source/watchlist-172/,https://harmonica.observe.tw/source/169-korea-harmonica-education-association/,301,true,false,false,false
https://harmonica.observe.tw/source/watchlist-173-seoul-harmonica-orchestra/,https://harmonica.observe.tw/source/170-seoul-harmonica-orchestra/,301,true,false,false,false
https://harmonica.observe.tw/source/watchlist-173/,https://harmonica.observe.tw/source/170-seoul-harmonica-orchestra/,301,true,false,false,false
https://harmonica.observe.tw/source/watchlist-174-society-for-the-preservation-and-advancement-of-the-harmonica/,https://harmonica.observe.tw/source/171-society-for-the-preservation-and-advancement-of-the-harmonica/,301,true,false,false,false
https://harmonica.observe.tw/source/watchlist-174/,https://harmonica.observe.tw/source/171-society-for-the-preservation-and-advancement-of-the-harmonica/,301,true,false,false,false
https://harmonica.observe.tw/source/watchlist-175-harmonicauk/,https://harmonica.observe.tw/source/172-harmonicauk/,301,true,false,false,false
https://harmonica.observe.tw/source/watchlist-175/,https://harmonica.observe.tw/source/172-harmonicauk/,301,true,false,false,false
https://harmonica.observe.tw/source/watchlist-176-spring-harp-fest/,https://harmonica.observe.tw/source/173-spring-harp-fest/,301,true,false,false,false
https://harmonica.observe.tw/source/watchlist-176/,https://harmonica.observe.tw/source/173-spring-harp-fest/,301,true,false,false,false
https://harmonica.observe.tw/source/watchlist-177-yellow-pine-harmonica-festival/,https://harmonica.observe.tw/source/174-yellow-pine-harmonica-festival/,301,true,false,false,false
https://harmonica.observe.tw/source/watchlist-177/,https://harmonica.observe.tw/source/174-yellow-pine-harmonica-festival/,301,true,false,false,false
https://harmonica.observe.tw/source/watchlist-178-deutscher-harmonika-verband-e-v/,https://harmonica.observe.tw/source/175-deutscher-harmonika-verband-e-v/,301,true,false,false,false
https://harmonica.observe.tw/source/watchlist-178/,https://harmonica.observe.tw/source/175-deutscher-harmonika-verband-e-v/,301,true,false,false,false
https://harmonica.observe.tw/source/watchlist-179-hohner-konservatorium-trossingen/,https://harmonica.observe.tw/source/176-hohner-konservatorium-trossingen/,301,true,false,false,false
https://harmonica.observe.tw/source/watchlist-179/,https://harmonica.observe.tw/source/176-hohner-konservatorium-trossingen/,301,true,false,false,false
https://harmonica.observe.tw/source/watchlist-18-up-side-down-harmonica-ensemble/,https://harmonica.observe.tw/source/18-up-side-down-harmonica-ensemble/,301,true,false,false,false
https://harmonica.observe.tw/source/watchlist-18/,https://harmonica.observe.tw/source/18-up-side-down-harmonica-ensemble/,301,true,false,false,false
https://harmonica.observe.tw/source/watchlist-180-harmonica-masters-workshops/,https://harmonica.observe.tw/source/177-harmonica-masters-workshops/,301,true,false,false,false
https://harmonica.observe.tw/source/watchlist-180/,https://harmonica.observe.tw/source/177-harmonica-masters-workshops/,301,true,false,false,false
https://harmonica.observe.tw/source/watchlist-181-harmonica-fen-festival-academy/,https://harmonica.observe.tw/source/178-harmonica-fen-festival-academy/,301,true,false,false,false
https://harmonica.observe.tw/source/watchlist-181/,https://harmonica.observe.tw/source/178-harmonica-fen-festival-academy/,301,true,false,false,false
https://harmonica.observe.tw/source/watchlist-182-mundharmonika-live/,https://harmonica.observe.tw/source/179-mundharmonika-live/,301,true,false,false,false
https://harmonica.observe.tw/source/watchlist-182/,https://harmonica.observe.tw/source/179-mundharmonika-live/,301,true,false,false,false
https://harmonica.observe.tw/source/watchlist-183-f-rum-harm-nicas-brasil/,https://harmonica.observe.tw/source/180-f-rum-harm-nicas-brasil/,301,true,false,false,false
https://harmonica.observe.tw/source/watchlist-183/,https://harmonica.observe.tw/source/180-f-rum-harm-nicas-brasil/,301,true,false,false,false
https://harmonica.observe.tw/source/watchlist-184-orquestra-harm-nicas-de-curitiba/,https://harmonica.observe.tw/source/181-orquestra-harm-nicas-de-curitiba/,301,true,false,false,false
https://harmonica.observe.tw/source/watchlist-184/,https://harmonica.observe.tw/source/181-orquestra-harm-nicas-de-curitiba/,301,true,false,false,false
https://harmonica.observe.tw/source/watchlist-185-escuela-de-arm-nica-de-buenos-aires/,https://harmonica.observe.tw/source/182-escuela-de-arm-nica-de-buenos-aires/,301,true,false,false,false
https://harmonica.observe.tw/source/watchlist-185/,https://harmonica.observe.tw/source/182-escuela-de-arm-nica-de-buenos-aires/,301,true,false,false,false
https://harmonica.observe.tw/source/watchlist-186-empa-escuela-de-m-sica-popular-de-avellaneda-arm-nica/,https://harmonica.observe.tw/source/183-empa-escuela-de-m-sica-popular-de-avellaneda-arm-nica/,301,true,false,false,false
https://harmonica.observe.tw/source/watchlist-186/,https://harmonica.observe.tw/source/183-empa-escuela-de-m-sica-popular-de-avellaneda-arm-nica/,301,true,false,false,false
https://harmonica.observe.tw/source/watchlist-187-ming-hsun-tsai/,https://harmonica.observe.tw/source/184-ming-hsun-tsai/,301,true,false,false,false
https://harmonica.observe.tw/source/watchlist-187/,https://harmonica.observe.tw/source/184-ming-hsun-tsai/,301,true,false,false,false
https://harmonica.observe.tw/source/watchlist-2%2Bwatchlist-75-taiwan-harmonica-music-festival/,https://harmonica.observe.tw/source/2-taiwan-harmonica-music-festival/,301,true,false,false,false
https://harmonica.observe.tw/source/watchlist-2%2Bwatchlist-75/,https://harmonica.observe.tw/source/2-taiwan-harmonica-music-festival/,301,true,false,false,false
https://harmonica.observe.tw/source/watchlist-22-spotlight-harmonica-ensemble/,https://harmonica.observe.tw/source/22-spotlight-harmonica-ensemble/,301,true,false,false,false
https://harmonica.observe.tw/source/watchlist-22/,https://harmonica.observe.tw/source/22-spotlight-harmonica-ensemble/,301,true,false,false,false
https://harmonica.observe.tw/source/watchlist-24-philharmonica/,https://harmonica.observe.tw/source/24-philharmonica/,301,true,false,false,false
https://harmonica.observe.tw/source/watchlist-24/,https://harmonica.observe.tw/source/24-philharmonica/,301,true,false,false,false
https://harmonica.observe.tw/source/watchlist-25-brain-horizon/,https://harmonica.observe.tw/source/25-brain-horizon/,301,true,false,false,false
https://harmonica.observe.tw/source/watchlist-25/,https://harmonica.observe.tw/source/25-brain-horizon/,301,true,false,false,false
https://harmonica.observe.tw/source/watchlist-26-laelaps-harmonica/,https://harmonica.observe.tw/source/26-laelaps-harmonica/,301,true,false,false,false
https://harmonica.observe.tw/source/watchlist-26/,https://harmonica.observe.tw/source/26-laelaps-harmonica/,301,true,false,false,false
https://harmonica.observe.tw/source/watchlist-27%2Bwatchlist-94-peacetones-harmonica/,https://harmonica.observe.tw/source/27-peacetones-harmonica/,301,true,false,false,false
https://harmonica.observe.tw/source/watchlist-27%2Bwatchlist-94/,https://harmonica.observe.tw/source/27-peacetones-harmonica/,301,true,false,false,false
https://harmonica.observe.tw/source/watchlist-28/,https://harmonica.observe.tw/source/28/,301,true,false,false,false
https://harmonica.observe.tw/source/watchlist-29-the-duet/,https://harmonica.observe.tw/source/29-the-duet/,301,true,false,false,false
https://harmonica.observe.tw/source/watchlist-29/,https://harmonica.observe.tw/source/29-the-duet/,301,true,false,false,false
https://harmonica.observe.tw/source/watchlist-3-sirius-harmonica-ensemble/,https://harmonica.observe.tw/source/3-sirius-harmonica-ensemble/,301,true,false,false,false
https://harmonica.observe.tw/source/watchlist-3/,https://harmonica.observe.tw/source/3-sirius-harmonica-ensemble/,301,true,false,false,false
https://harmonica.observe.tw/source/watchlist-30%2Bwatchlist-101-dming-studio/,https://harmonica.observe.tw/source/30/,301,true,false,false,false
https://harmonica.observe.tw/source/watchlist-30%2Bwatchlist-101/,https://harmonica.observe.tw/source/30/,301,true,false,false,false
https://harmonica.observe.tw/source/watchlist-31/,https://harmonica.observe.tw/source/31/,301,true,false,false,false
https://harmonica.observe.tw/source/watchlist-32/,https://harmonica.observe.tw/source/32/,301,true,false,false,false
https://harmonica.observe.tw/source/watchlist-33/,https://harmonica.observe.tw/source/33/,301,true,false,false,false
https://harmonica.observe.tw/source/watchlist-34-yen-hua-wang/,https://harmonica.observe.tw/source/34-yen-hua-wang/,301,true,false,false,false
https://harmonica.observe.tw/source/watchlist-34/,https://harmonica.observe.tw/source/34-yen-hua-wang/,301,true,false,false,false
https://harmonica.observe.tw/source/watchlist-35/,https://harmonica.observe.tw/source/35/,301,true,false,false,false
https://harmonica.observe.tw/source/watchlist-36/,https://harmonica.observe.tw/source/36/,301,true,false,false,false
https://harmonica.observe.tw/source/watchlist-37/,https://harmonica.observe.tw/source/37/,301,true,false,false,false
https://harmonica.observe.tw/source/watchlist-38%2Bwatchlist-88/,https://harmonica.observe.tw/source/38/,301,true,false,false,false
https://harmonica.observe.tw/source/watchlist-39/,https://harmonica.observe.tw/source/39/,301,true,false,false,false
https://harmonica.observe.tw/source/watchlist-4-judy-s-harmonica-ensemble/,https://harmonica.observe.tw/source/4-judy-s-harmonica-ensemble/,301,true,false,false,false
https://harmonica.observe.tw/source/watchlist-4/,https://harmonica.observe.tw/source/4-judy-s-harmonica-ensemble/,301,true,false,false,false
https://harmonica.observe.tw/source/watchlist-40-henry-chen/,https://harmonica.observe.tw/source/40-henry-chen/,301,true,false,false,false
https://harmonica.observe.tw/source/watchlist-40/,https://harmonica.observe.tw/source/40-henry-chen/,301,true,false,false,false
https://harmonica.observe.tw/source/watchlist-41/,https://harmonica.observe.tw/source/41/,301,true,false,false,false
https://harmonica.observe.tw/source/watchlist-42-hsin-ho-wang/,https://harmonica.observe.tw/source/42-hsin-ho-wang/,301,true,false,false,false
https://harmonica.observe.tw/source/watchlist-42/,https://harmonica.observe.tw/source/42-hsin-ho-wang/,301,true,false,false,false
https://harmonica.observe.tw/source/watchlist-43-yu-feng-lin/,https://harmonica.observe.tw/source/43-yu-feng-lin/,301,true,false,false,false
https://harmonica.observe.tw/source/watchlist-43/,https://harmonica.observe.tw/source/43-yu-feng-lin/,301,true,false,false,false
https://harmonica.observe.tw/source/watchlist-44/,https://harmonica.observe.tw/source/44/,301,true,false,false,false
https://harmonica.observe.tw/source/watchlist-45-wu-tsai-rung/,https://harmonica.observe.tw/source/45-wu-tsai-rung/,301,true,false,false,false
https://harmonica.observe.tw/source/watchlist-45/,https://harmonica.observe.tw/source/45-wu-tsai-rung/,301,true,false,false,false
https://harmonica.observe.tw/source/watchlist-46-alysa-liao/,https://harmonica.observe.tw/source/46-alysa-liao/,301,true,false,false,false
https://harmonica.observe.tw/source/watchlist-46/,https://harmonica.observe.tw/source/46-alysa-liao/,301,true,false,false,false
https://harmonica.observe.tw/source/watchlist-47/,https://harmonica.observe.tw/source/47/,301,true,false,false,false
https://harmonica.observe.tw/source/watchlist-48-wu-yung-lung/,https://harmonica.observe.tw/source/48-wu-yung-lung/,301,true,false,false,false
https://harmonica.observe.tw/source/watchlist-48/,https://harmonica.observe.tw/source/48-wu-yung-lung/,301,true,false,false,false
https://harmonica.observe.tw/source/watchlist-49-aiden-n-evelyn/,https://harmonica.observe.tw/source/49-aiden-n-evelyn/,301,true,false,false,false
https://harmonica.observe.tw/source/watchlist-49/,https://harmonica.observe.tw/source/49-aiden-n-evelyn/,301,true,false,false,false
https://harmonica.observe.tw/source/watchlist-5-punch-harmonica-ensemble/,https://harmonica.observe.tw/source/5-punch-harmonica-ensemble/,301,true,false,false,false
https://harmonica.observe.tw/source/watchlist-5/,https://harmonica.observe.tw/source/5-punch-harmonica-ensemble/,301,true,false,false,false
https://harmonica.observe.tw/source/watchlist-50-aiden-soon/,https://harmonica.observe.tw/source/50-aiden-soon/,301,true,false,false,false
https://harmonica.observe.tw/source/watchlist-50/,https://harmonica.observe.tw/source/50-aiden-soon/,301,true,false,false,false
https://harmonica.observe.tw/source/watchlist-51-sharene-tang/,https://harmonica.observe.tw/source/51-sharene-tang/,301,true,false,false,false
https://harmonica.observe.tw/source/watchlist-51/,https://harmonica.observe.tw/source/51-sharene-tang/,301,true,false,false,false
https://harmonica.observe.tw/source/watchlist-52-fourtissimo-harmonica-ensemble/,https://harmonica.observe.tw/source/52-fourtissimo-harmonica-ensemble/,301,true,false,false,false
https://harmonica.observe.tw/source/watchlist-52/,https://harmonica.observe.tw/source/52-fourtissimo-harmonica-ensemble/,301,true,false,false,false
https://harmonica.observe.tw/source/watchlist-53-leafin-harmonica-ensemble/,https://harmonica.observe.tw/source/53-leafin-harmonica-ensemble/,301,true,false,false,false
https://harmonica.observe.tw/source/watchlist-53/,https://harmonica.observe.tw/source/53-leafin-harmonica-ensemble/,301,true,false,false,false
https://harmonica.observe.tw/source/watchlist-54-cy-leo/,https://harmonica.observe.tw/source/54-cy-leo/,301,true,false,false,false
https://harmonica.observe.tw/source/watchlist-54/,https://harmonica.observe.tw/source/54-cy-leo/,301,true,false,false,false
https://harmonica.observe.tw/source/watchlist-55-kelvin-leung/,https://harmonica.observe.tw/source/55-kelvin-leung/,301,true,false,false,false
https://harmonica.observe.tw/source/watchlist-55/,https://harmonica.observe.tw/source/55-kelvin-leung/,301,true,false,false,false
https://harmonica.observe.tw/source/watchlist-56-harry-choi/,https://harmonica.observe.tw/source/56-harry-choi/,301,true,false,false,false
https://harmonica.observe.tw/source/watchlist-56/,https://harmonica.observe.tw/source/56-harry-choi/,301,true,false,false,false
https://harmonica.observe.tw/source/watchlist-57-rei-yamashita/,https://harmonica.observe.tw/source/57-rei-yamashita/,301,true,false,false,false
https://harmonica.observe.tw/source/watchlist-57/,https://harmonica.observe.tw/source/57-rei-yamashita/,301,true,false,false,false
https://harmonica.observe.tw/source/watchlist-58-minami-risa/,https://harmonica.observe.tw/source/58-minami-risa/,301,true,false,false,false
https://harmonica.observe.tw/source/watchlist-58/,https://harmonica.observe.tw/source/58-minami-risa/,301,true,false,false,false
https://harmonica.observe.tw/source/watchlist-59-taro-senga/,https://harmonica.observe.tw/source/59-taro-senga/,301,true,false,false,false
https://harmonica.observe.tw/source/watchlist-59/,https://harmonica.observe.tw/source/59-taro-senga/,301,true,false,false,false
https://harmonica.observe.tw/source/watchlist-6-rhapsody-harmonica-ensemble/,https://harmonica.observe.tw/source/6-rhapsody-harmonica-ensemble/,301,true,false,false,false
https://harmonica.observe.tw/source/watchlist-6/,https://harmonica.observe.tw/source/6-rhapsody-harmonica-ensemble/,301,true,false,false,false
https://harmonica.observe.tw/source/watchlist-60-toshi-fujii/,https://harmonica.observe.tw/source/60-toshi-fujii/,301,true,false,false,false
https://harmonica.observe.tw/source/watchlist-60/,https://harmonica.observe.tw/source/60-toshi-fujii/,301,true,false,false,false
https://harmonica.observe.tw/source/watchlist-61-tombo-harmonica-society-directory/,https://harmonica.observe.tw/source/61-tombo-harmonica-society-directory/,301,true,false,false,false
https://harmonica.observe.tw/source/watchlist-61/,https://harmonica.observe.tw/source/61-tombo-harmonica-society-directory/,301,true,false,false,false
https://harmonica.observe.tw/source/watchlist-62-all-japan-harmonica-federation/,https://harmonica.observe.tw/source/62-all-japan-harmonica-federation/,301,true,false,false,false
https://harmonica.observe.tw/source/watchlist-62/,https://harmonica.observe.tw/source/62-all-japan-harmonica-federation/,301,true,false,false,false
https://harmonica.observe.tw/source/watchlist-63-f-i-h-japan-harmonica-contest/,https://harmonica.observe.tw/source/63-f-i-h-japan-harmonica-contest/,301,true,false,false,false
https://harmonica.observe.tw/source/watchlist-63/,https://harmonica.observe.tw/source/63-f-i-h-japan-harmonica-contest/,301,true,false,false,false
https://harmonica.observe.tw/source/watchlist-64-japan-harmonica-art-association/,https://harmonica.observe.tw/source/64-japan-harmonica-art-association/,301,true,false,false,false
https://harmonica.observe.tw/source/watchlist-64/,https://harmonica.observe.tw/source/64-japan-harmonica-art-association/,301,true,false,false,false
https://harmonica.observe.tw/source/watchlist-65-jong-seong-park/,https://harmonica.observe.tw/source/65-jong-seong-park/,301,true,false,false,false
https://harmonica.observe.tw/source/watchlist-65/,https://harmonica.observe.tw/source/65-jong-seong-park/,301,true,false,false,false
https://harmonica.observe.tw/source/watchlist-66-younghoon-cho/,https://harmonica.observe.tw/source/66-younghoon-cho/,301,true,false,false,false
https://harmonica.observe.tw/source/watchlist-66/,https://harmonica.observe.tw/source/66-younghoon-cho/,301,true,false,false,false
https://harmonica.observe.tw/source/watchlist-67-marcos-coll/,https://harmonica.observe.tw/source/67-marcos-coll/,301,true,false,false,false
https://harmonica.observe.tw/source/watchlist-67/,https://harmonica.observe.tw/source/67-marcos-coll/,301,true,false,false,false
https://harmonica.observe.tw/source/watchlist-68-gordon-lee/,https://harmonica.observe.tw/source/68-gordon-lee/,301,true,false,false,false
https://harmonica.observe.tw/source/watchlist-68/,https://harmonica.observe.tw/source/68-gordon-lee/,301,true,false,false,false
https://harmonica.observe.tw/source/watchlist-69-dror-adler-adler-trio/,https://harmonica.observe.tw/source/69-dror-adler-adler-trio/,301,true,false,false,false
https://harmonica.observe.tw/source/watchlist-69/,https://harmonica.observe.tw/source/69-dror-adler-adler-trio/,301,true,false,false,false
https://harmonica.observe.tw/source/watchlist-7/,https://harmonica.observe.tw/source/7/,301,true,false,false,false
https://harmonica.observe.tw/source/watchlist-70-fata-morgana/,https://harmonica.observe.tw/source/70-fata-morgana/,301,true,false,false,false
https://harmonica.observe.tw/source/watchlist-70/,https://harmonica.observe.tw/source/70-fata-morgana/,301,true,false,false,false
https://harmonica.observe.tw/source/watchlist-71%2Bclub-10-ntu-blue-sound-harmonica-club/,https://harmonica.observe.tw/source/71-ntu-blue-sound-harmonica-club/,301,true,false,false,false
https://harmonica.observe.tw/source/watchlist-71%2Bclub-10/,https://harmonica.observe.tw/source/71-ntu-blue-sound-harmonica-club/,301,true,false,false,false
https://harmonica.observe.tw/source/watchlist-73%2Bclub-20/,https://harmonica.observe.tw/source/72/,301,true,false,false,false
https://harmonica.observe.tw/source/watchlist-74%2Bclub-9/,https://harmonica.observe.tw/source/73/,301,true,false,false,false
https://harmonica.observe.tw/source/watchlist-76-opentix/,https://harmonica.observe.tw/source/74-opentix/,301,true,false,false,false
https://harmonica.observe.tw/source/watchlist-76/,https://harmonica.observe.tw/source/74-opentix/,301,true,false,false,false
https://harmonica.observe.tw/source/watchlist-77/,https://harmonica.observe.tw/source/75/,301,true,false,false,false
https://harmonica.observe.tw/source/watchlist-78/,https://harmonica.observe.tw/source/76/,301,true,false,false,false
https://harmonica.observe.tw/source/watchlist-79/,https://harmonica.observe.tw/source/77/,301,true,false,false,false
https://harmonica.observe.tw/source/watchlist-8%2Bwatchlist-72%2Bclub-4/,https://harmonica.observe.tw/source/8/,301,true,false,false,false
https://harmonica.observe.tw/source/watchlist-80/,https://harmonica.observe.tw/source/78/,301,true,false,false,false
https://harmonica.observe.tw/source/watchlist-81/,https://harmonica.observe.tw/source/79/,301,true,false,false,false
https://harmonica.observe.tw/source/watchlist-82/,https://harmonica.observe.tw/source/80/,301,true,false,false,false
https://harmonica.observe.tw/source/watchlist-83-musix-co-ltd/,https://harmonica.observe.tw/source/81-musix-co-ltd/,301,true,false,false,false
https://harmonica.observe.tw/source/watchlist-83/,https://harmonica.observe.tw/source/81-musix-co-ltd/,301,true,false,false,false
https://harmonica.observe.tw/source/watchlist-84-tongho-musical-instrument-co-ltd-music4fun/,https://harmonica.observe.tw/source/82-tongho-musical-instrument-co-ltd-music4fun/,301,true,false,false,false
https://harmonica.observe.tw/source/watchlist-84/,https://harmonica.observe.tw/source/82-tongho-musical-instrument-co-ltd-music4fun/,301,true,false,false,false
https://harmonica.observe.tw/source/watchlist-86-from-harmonica-to-music/,https://harmonica.observe.tw/source/84-from-harmonica-to-music/,301,true,false,false,false
https://harmonica.observe.tw/source/watchlist-86/,https://harmonica.observe.tw/source/84-from-harmonica-to-music/,301,true,false,false,false
https://harmonica.observe.tw/source/watchlist-87-yellowstone-music-shop/,https://harmonica.observe.tw/source/85-yellowstone-music-shop/,301,true,false,false,false
https://harmonica.observe.tw/source/watchlist-87/,https://harmonica.observe.tw/source/85-yellowstone-music-shop/,301,true,false,false,false
https://harmonica.observe.tw/source/watchlist-89/,https://harmonica.observe.tw/source/87/,301,true,false,false,false
https://harmonica.observe.tw/source/watchlist-9-jang-li/,https://harmonica.observe.tw/source/9-jang-li/,301,true,false,false,false
https://harmonica.observe.tw/source/watchlist-9/,https://harmonica.observe.tw/source/9-jang-li/,301,true,false,false,false
https://harmonica.observe.tw/source/watchlist-90-bluebo-harmonica/,https://harmonica.observe.tw/source/88-bluebo-harmonica/,301,true,false,false,false
https://harmonica.observe.tw/source/watchlist-90/,https://harmonica.observe.tw/source/88-bluebo-harmonica/,301,true,false,false,false
https://harmonica.observe.tw/source/watchlist-91-baba-harmonica-studio/,https://harmonica.observe.tw/source/89-baba-harmonica-studio/,301,true,false,false,false
https://harmonica.observe.tw/source/watchlist-91/,https://harmonica.observe.tw/source/89-baba-harmonica-studio/,301,true,false,false,false
https://harmonica.observe.tw/source/watchlist-92-an-afternoon-with-harmonica/,https://harmonica.observe.tw/source/90-an-afternoon-with-harmonica/,301,true,false,false,false
https://harmonica.observe.tw/source/watchlist-92/,https://harmonica.observe.tw/source/90-an-afternoon-with-harmonica/,301,true,false,false,false
https://harmonica.observe.tw/source/watchlist-93-taipei-yellowstone-harmonica-ensemble/,https://harmonica.observe.tw/source/91-taipei-yellowstone-harmonica-ensemble/,301,true,false,false,false
https://harmonica.observe.tw/source/watchlist-93/,https://harmonica.observe.tw/source/91-taipei-yellowstone-harmonica-ensemble/,301,true,false,false,false
https://harmonica.observe.tw/source/watchlist-95-rhapsody-harmonica-drum-studio/,https://harmonica.observe.tw/source/92-rhapsody-harmonica-drum-studio/,301,true,false,false,false
https://harmonica.observe.tw/source/watchlist-95/,https://harmonica.observe.tw/source/92-rhapsody-harmonica-drum-studio/,301,true,false,false,false
https://harmonica.observe.tw/source/watchlist-96-redbricks-harmonica/,https://harmonica.observe.tw/source/93-redbricks-harmonica/,301,true,false,false,false
https://harmonica.observe.tw/source/watchlist-96/,https://harmonica.observe.tw/source/93-redbricks-harmonica/,301,true,false,false,false
https://harmonica.observe.tw/source/watchlist-97-duo-volce-music-studio/,https://harmonica.observe.tw/source/94-duo-volce-music-studio/,301,true,false,false,false
https://harmonica.observe.tw/source/watchlist-97/,https://harmonica.observe.tw/source/94-duo-volce-music-studio/,301,true,false,false,false
https://harmonica.observe.tw/source/watchlist-98-weissenberg-harmonicas/,https://harmonica.observe.tw/source/95-weissenberg-harmonicas/,301,true,false,false,false
https://harmonica.observe.tw/source/watchlist-98/,https://harmonica.observe.tw/source/95-weissenberg-harmonicas/,301,true,false,false,false
https://harmonica.observe.tw/source/watchlist-99/,https://harmonica.observe.tw/source/96/,301,true,false,false,false
https://harmonica.observe.tw/source/228-2026-tcfsh-harmonica-alumni-concert/,https://harmonica.observe.tw/source/228-tcfsh-harmonica-alumni-ensemble/,301,true,false,false,false
